sample_name,model_type,precision,recall,f1,AUROC,accuracy,DPD,DPR,EO
original dataset,logistic_regression,0.7350 ± 0.0087,0.5656 ± 0.0101,0.6391 ± 0.0033,0.7504 ± 0.0031,0.7504 ± 0.0031,0.1939 ± 0.0093,0.2234 ± 0.0148,0.2106 ± 0.0146
original dataset,random_forest,0.6919 ± 0.0095,0.5831 ± 0.0201,0.6325 ± 0.0103,0.7503 ± 0.0078,0.7503 ± 0.0078,0.1769 ± 0.0118,0.3241 ± 0.0162,0.0947 ± 0.0277
original dataset,xgboost,0.7196 ± 0.0122,0.5855 ± 0.0131,0.6454 ± 0.0045,0.7565 ± 0.0040,0.7565 ± 0.0040,0.1728 ± 0.0144,0.3188 ± 0.0291,0.0981 ± 0.0274
original dataset,mlp,0.6673 ± 0.0168,0.5923 ± 0.0300,0.6268 ± 0.0138,0.7491 ± 0.0108,0.7491 ± 0.0108,0.1759 ± 0.0226,0.3560 ± 0.0354,0.0926 ± 0.0270
Initial DAG,logistic_regression,0.6765 ± 0.0184,0.4577 ± 0.0052,0.5460 ± 0.0095,0.6924 ± 0.0052,0.6924 ± 0.0052,0.1308 ± 0.0083,0.3863 ± 0.0301,0.1470 ± 0.0303
Initial DAG,random_forest,0.6009 ± 0.0073,0.4752 ± 0.0060,0.5307 ± 0.0058,0.6850 ± 0.0035,0.6850 ± 0.0035,0.1378 ± 0.0119,0.4360 ± 0.0352,0.1279 ± 0.0225
Initial DAG,xgboost,0.6454 ± 0.0140,0.4761 ± 0.0103,0.5479 ± 0.0099,0.6944 ± 0.0058,0.6944 ± 0.0058,0.1347 ± 0.0052,0.4134 ± 0.0126,0.1227 ± 0.0197
Initial DAG,mlp,0.5532 ± 0.0124,0.4829 ± 0.0230,0.5151 ± 0.0082,0.6763 ± 0.0055,0.6763 ± 0.0055,0.1203 ± 0.0214,0.5380 ± 0.0568,0.0871 ± 0.0320
HC without fairness constraints,logistic_regression,0.7307 ± 0.0101,0.5308 ± 0.0121,0.6148 ± 0.0088,0.7330 ± 0.0055,0.7330 ± 0.0055,0.1667 ± 0.0087,0.2956 ± 0.0179,0.2061 ± 0.0126
HC without fairness constraints,random_forest,0.6653 ± 0.0084,0.5266 ± 0.0086,0.5879 ± 0.0080,0.7195 ± 0.0049,0.7195 ± 0.0049,0.1698 ± 0.0102,0.3310 ± 0.0308,0.2243 ± 0.0118
HC without fairness constraints,xgboost,0.7084 ± 0.0088,0.5328 ± 0.0095,0.6081 ± 0.0048,0.7301 ± 0.0033,0.7301 ± 0.0033,0.1727 ± 0.0104,0.2953 ± 0.0236,0.2328 ± 0.0191
HC without fairness constraints,mlp,0.6183 ± 0.0153,0.5297 ± 0.0246,0.5699 ± 0.0095,0.7106 ± 0.0072,0.7106 ± 0.0072,0.1604 ± 0.0109,0.3988 ± 0.0301,0.2134 ± 0.0142
HC with fairness constraints and same size as original dataset lambda = 0.1,logistic_regression,0.6998 ± 0.0181,0.1799 ± 0.0120,0.2859 ± 0.0152,0.5771 ± 0.0052,0.5771 ± 0.0052,0.0110 ± 0.0029,0.8390 ± 0.0398,0.0560 ± 0.0312
HC with fairness constraints and same size as original dataset lambda = 0.1,random_forest,0.5188 ± 0.0130,0.3366 ± 0.0126,0.4082 ± 0.0119,0.6164 ± 0.0063,0.6164 ± 0.0063,0.0833 ± 0.0078,0.5613 ± 0.0326,0.0702 ± 0.0064
HC with fairness constraints and same size as original dataset lambda = 0.1,xgboost,0.5890 ± 0.0062,0.2655 ± 0.0106,0.3659 ± 0.0109,0.6020 ± 0.0047,0.6020 ± 0.0047,0.0414 ± 0.0093,0.6736 ± 0.0629,0.0455 ± 0.0284
HC with fairness constraints and same size as original dataset lambda = 0.1,mlp,0.4752 ± 0.0064,0.3962 ± 0.0280,0.4314 ± 0.0147,0.6253 ± 0.0076,0.6253 ± 0.0076,0.1073 ± 0.0274,0.5670 ± 0.0764,0.0962 ± 0.0333
HC with fairness constraints and double the size of original dataset lambda = 0.1,logistic_regression,0.7745 ± 0.0228,0.1692 ± 0.0070,0.2776 ± 0.0098,0.5764 ± 0.0035,0.5764 ± 0.0035,0.0062 ± 0.0041,0.8928 ± 0.0675,0.0642 ± 0.0112
HC with fairness constraints and double the size of original dataset lambda = 0.1,random_forest,0.5481 ± 0.0205,0.3364 ± 0.0067,0.4168 ± 0.0089,0.6223 ± 0.0050,0.6223 ± 0.0050,0.0824 ± 0.0099,0.5435 ± 0.0403,0.0605 ± 0.0070
HC with fairness constraints and double the size of original dataset lambda = 0.1,xgboost,0.6356 ± 0.0147,0.2721 ± 0.0105,0.3809 ± 0.0098,0.6102 ± 0.0041,0.6102 ± 0.0041,0.0545 ± 0.0051,0.5634 ± 0.0197,0.0336 ± 0.0040
HC with fairness constraints and double the size of original dataset lambda = 0.1,mlp,0.4995 ± 0.0210,0.3677 ± 0.0281,0.4223 ± 0.0130,0.6225 ± 0.0059,0.6225 ± 0.0059,0.0899 ± 0.0170,0.5812 ± 0.0424,0.0672 ± 0.0132
HC with fairness constraints and equal number of class 1 and class 0 lambda = 0.1,logistic_regression,0.7143 ± 0.0029,0.8607 ± 0.0054,0.7807 ± 0.0026,0.7582 ± 0.0027,0.7582 ± 0.0027,0.4020 ± 0.0117,0.4418 ± 0.0142,0.3365 ± 0.0229
HC with fairness constraints and equal number of class 1 and class 0 lambda = 0.1,random_forest,0.7055 ± 0.0069,0.7922 ± 0.0029,0.7463 ± 0.0044,0.7307 ± 0.0058,0.7307 ± 0.0058,0.3259 ± 0.0127,0.5038 ± 0.0203,0.2644 ± 0.0202
HC with fairness constraints and equal number of class 1 and class 0 lambda = 0.1,xgboost,0.7159 ± 0.0055,0.8386 ± 0.0052,0.7724 ± 0.0046,0.7529 ± 0.0053,0.7529 ± 0.0053,0.3650 ± 0.0133,0.4730 ± 0.0155,0.3006 ± 0.0226
HC with fairness constraints and equal number of class 1 and class 0 lambda = 0.1,mlp,0.6814 ± 0.0102,0.7517 ± 0.0178,0.7147 ± 0.0101,0.7000 ± 0.0098,0.7000 ± 0.0098,0.2913 ± 0.0166,0.5421 ± 0.0339,0.2273 ± 0.0185
HC with fairness constraints and equal number of protected attribute lambda = 0.1,logistic_regression,0.6884 ± 0.0249,0.1959 ± 0.0141,0.3045 ± 0.0158,0.5849 ± 0.0055,0.5849 ± 0.0055,0.0212 ± 0.0077,0.7253 ± 0.0867,0.0617 ± 0.0191
HC with fairness constraints and equal number of protected attribute lambda = 0.1,random_forest,0.5190 ± 0.0107,0.3552 ± 0.0117,0.4216 ± 0.0077,0.6297 ± 0.0040,0.6297 ± 0.0040,0.1102 ± 0.0118,0.4744 ± 0.0320,0.0908 ± 0.0062
HC with fairness constraints and equal number of protected attribute lambda = 0.1,xgboost,0.5875 ± 0.0144,0.2915 ± 0.0127,0.3895 ± 0.0124,0.6160 ± 0.0058,0.6160 ± 0.0058,0.0714 ± 0.0097,0.5172 ± 0.0504,0.0575 ± 0.0103
HC with fairness constraints and equal number of protected attribute lambda = 0.1,mlp,0.4647 ± 0.0121,0.3984 ± 0.0308,0.4280 ± 0.0153,0.6323 ± 0.0085,0.6323 ± 0.0085,0.1020 ± 0.0331,0.5934 ± 0.0868,0.0905 ± 0.0216
HC with fairness constraints and same size as original dataset lambda = 0.2,logistic_regression,0.6284 ± 0.0260,0.3995 ± 0.0100,0.4884 ± 0.0152,0.6607 ± 0.0083,0.6607 ± 0.0083,0.0079 ± 0.0020,0.9515 ± 0.0112,0.0116 ± 0.0044
HC with fairness constraints and same size as original dataset lambda = 0.2,random_forest,0.5472 ± 0.0158,0.3813 ± 0.0121,0.4493 ± 0.0107,0.6384 ± 0.0060,0.6384 ± 0.0060,0.0130 ± 0.0076,0.9303 ± 0.0394,0.0213 ± 0.0110
HC with fairness constraints and same size as original dataset lambda = 0.2,xgboost,0.5961 ± 0.0204,0.3918 ± 0.0104,0.4727 ± 0.0131,0.6520 ± 0.0072,0.6520 ± 0.0072,0.0132 ± 0.0054,0.9239 ± 0.0293,0.0170 ± 0.0057
HC with fairness constraints and same size as original dataset lambda = 0.2,mlp,0.4897 ± 0.0159,0.3926 ± 0.0349,0.4348 ± 0.0218,0.6285 ± 0.0121,0.6285 ± 0.0121,0.0203 ± 0.0147,0.9116 ± 0.0586,0.0429 ± 0.0157
HC with fairness constraints and double the size of original dataset lambda = 0.2,logistic_regression,0.6166 ± 0.0022,0.4060 ± 0.0019,0.4896 ± 0.0014,0.6610 ± 0.0007,0.6610 ± 0.0007,0.0064 ± 0.0033,0.9623 ± 0.0187,0.0227 ± 0.0110
HC with fairness constraints and double the size of original dataset lambda = 0.2,random_forest,0.5419 ± 0.0077,0.3765 ± 0.0069,0.4443 ± 0.0060,0.6353 ± 0.0033,0.6353 ± 0.0033,0.0152 ± 0.0062,0.9179 ± 0.0302,0.0230 ± 0.0125
HC with fairness constraints and double the size of original dataset lambda = 0.2,xgboost,0.6029 ± 0.0069,0.3823 ± 0.0044,0.4679 ± 0.0051,0.6493 ± 0.0028,0.6493 ± 0.0028,0.0086 ± 0.0039,0.9477 ± 0.0233,0.0224 ± 0.0065
HC with fairness constraints and double the size of original dataset lambda = 0.2,mlp,0.5068 ± 0.0112,0.3712 ± 0.0294,0.4275 ± 0.0179,0.6253 ± 0.0081,0.6253 ± 0.0081,0.0233 ± 0.0118,0.8885 ± 0.0530,0.0316 ± 0.0116
HC with fairness constraints and equal number of class 1 and class 0 lambda = 0.2,logistic_regression,0.6954 ± 0.0065,0.7697 ± 0.0076,0.7306 ± 0.0030,0.7162 ± 0.0042,0.7162 ± 0.0042,0.0104 ± 0.0110,0.9816 ± 0.0193,0.0188 ± 0.0150
HC with fairness constraints and equal number of class 1 and class 0 lambda = 0.2,random_forest,0.6774 ± 0.0014,0.7075 ± 0.0070,0.6921 ± 0.0034,0.6853 ± 0.0021,0.6853 ± 0.0021,0.0124 ± 0.0090,0.9768 ± 0.0165,0.0172 ± 0.0078
HC with fairness constraints and equal number of class 1 and class 0 lambda = 0.2,xgboost,0.6950 ± 0.0056,0.7403 ± 0.0078,0.7168 ± 0.0026,0.7076 ± 0.0031,0.7076 ± 0.0031,0.0158 ± 0.0077,0.9711 ± 0.0139,0.0188 ± 0.0070
HC with fairness constraints and equal number of class 1 and class 0 lambda = 0.2,mlp,0.6657 ± 0.0120,0.6711 ± 0.0440,0.6673 ± 0.0165,0.6663 ± 0.0035,0.6663 ± 0.0035,0.0147 ± 0.0113,0.9701 ± 0.0236,0.0249 ± 0.0128
HC with fairness constraints and equal number of protected attribute lambda = 0.2,logistic_regression,0.6173 ± 0.0116,0.4057 ± 0.0147,0.4896 ± 0.0142,0.6614 ± 0.0078,0.6614 ± 0.0078,0.0077 ± 0.0040,0.9539 ± 0.0238,0.0201 ± 0.0078
HC with fairness constraints and equal number of protected attribute lambda = 0.2,random_forest,0.5281 ± 0.0174,0.3630 ± 0.0114,0.4301 ± 0.0113,0.6279 ± 0.0064,0.6279 ± 0.0064,0.0124 ± 0.0058,0.9310 ± 0.0303,0.0197 ± 0.0102
HC with fairness constraints and equal number of protected attribute lambda = 0.2,xgboost,0.5879 ± 0.0181,0.3669 ± 0.0134,0.4518 ± 0.0142,0.6410 ± 0.0076,0.6410 ± 0.0076,0.0080 ± 0.0068,0.9500 ± 0.0426,0.0140 ± 0.0056
HC with fairness constraints and equal number of protected attribute lambda = 0.2,mlp,0.4706 ± 0.0229,0.3814 ± 0.0475,0.4186 ± 0.0234,0.6190 ± 0.0108,0.6190 ± 0.0108,0.0203 ± 0.0228,0.9157 ± 0.0760,0.0338 ± 0.0253
HC with fairness constraints and same size as original dataset lambda = 0.3,logistic_regression,0.5647 ± 0.0090,0.3411 ± 0.0116,0.4251 ± 0.0066,0.6248 ± 0.0027,0.6248 ± 0.0027,0.0949 ± 0.0139,0.4947 ± 0.0720,0.1681 ± 0.0320
HC with fairness constraints and same size as original dataset lambda = 0.3,random_forest,0.5093 ± 0.0117,0.4056 ± 0.0098,0.4515 ± 0.0092,0.6349 ± 0.0055,0.6349 ± 0.0055,0.0330 ± 0.0123,0.8494 ± 0.0540,0.0396 ± 0.0170
HC with fairness constraints and same size as original dataset lambda = 0.3,xgboost,0.5491 ± 0.0180,0.4064 ± 0.0125,0.4669 ± 0.0107,0.6451 ± 0.0062,0.6451 ± 0.0062,0.0248 ± 0.0146,0.8781 ± 0.0674,0.0340 ± 0.0182
HC with fairness constraints and same size as original dataset lambda = 0.3,mlp,0.4845 ± 0.0104,0.4343 ± 0.0416,0.4570 ± 0.0265,0.6369 ± 0.0146,0.6369 ± 0.0146,0.0346 ± 0.0082,0.8588 ± 0.0248,0.0322 ± 0.0059
HC with fairness constraints and double the size of original dataset lambda = 0.3,logistic_regression,0.5718 ± 0.0066,0.3427 ± 0.0084,0.4285 ± 0.0060,0.6271 ± 0.0028,0.6271 ± 0.0028,0.1006 ± 0.0065,0.4631 ± 0.0395,0.1664 ± 0.0259
HC with fairness constraints and double the size of original dataset lambda = 0.3,random_forest,0.5270 ± 0.0058,0.4023 ± 0.0095,0.4562 ± 0.0071,0.6389 ± 0.0040,0.6389 ± 0.0040,0.0354 ± 0.0089,0.8305 ± 0.0382,0.0297 ± 0.0103
HC with fairness constraints and double the size of original dataset lambda = 0.3,xgboost,0.5684 ± 0.0059,0.3981 ± 0.0055,0.4682 ± 0.0040,0.6470 ± 0.0022,0.6470 ± 0.0022,0.0247 ± 0.0117,0.8691 ± 0.0598,0.0355 ± 0.0101
HC with fairness constraints and double the size of original dataset lambda = 0.3,mlp,0.4905 ± 0.0069,0.4048 ± 0.0286,0.4429 ± 0.0152,0.6299 ± 0.0084,0.6299 ± 0.0084,0.0307 ± 0.0237,0.8695 ± 0.0846,0.0373 ± 0.0159
HC with fairness constraints and equal number of class 1 and class 0 lambda = 0.3,logistic_regression,0.7143 ± 0.0060,0.8061 ± 0.0069,0.7573 ± 0.0029,0.7417 ± 0.0038,0.7417 ± 0.0038,0.0584 ± 0.0108,0.9001 ± 0.0177,0.1088 ± 0.0113
HC with fairness constraints and equal number of class 1 and class 0 lambda = 0.3,random_forest,0.6991 ± 0.0046,0.7671 ± 0.0047,0.7315 ± 0.0012,0.7184 ± 0.0025,0.7184 ± 0.0025,0.0731 ± 0.0118,0.8723 ± 0.0207,0.1275 ± 0.0154
HC with fairness constraints and equal number of class 1 and class 0 lambda = 0.3,xgboost,0.7109 ± 0.0047,0.8026 ± 0.0048,0.7540 ± 0.0036,0.7381 ± 0.0042,0.7381 ± 0.0042,0.0605 ± 0.0122,0.8964 ± 0.0211,0.1109 ± 0.0167
HC with fairness constraints and equal number of class 1 and class 0 lambda = 0.3,mlp,0.6764 ± 0.0123,0.7439 ± 0.0523,0.7071 ± 0.0184,0.6931 ± 0.0065,0.6931 ± 0.0065,0.0759 ± 0.0123,0.8683 ± 0.0151,0.1202 ± 0.0197
HC with fairness constraints and equal number of protected attribute lambda = 0.3,logistic_regression,0.5729 ± 0.0101,0.3820 ± 0.0094,0.4583 ± 0.0074,0.6441 ± 0.0040,0.6441 ± 0.0040,0.0585 ± 0.0054,0.6993 ± 0.0250,0.0569 ± 0.0135
HC with fairness constraints and equal number of protected attribute lambda = 0.3,random_forest,0.5269 ± 0.0102,0.4247 ± 0.0102,0.4702 ± 0.0067,0.6495 ± 0.0040,0.6495 ± 0.0040,0.0254 ± 0.0128,0.8831 ± 0.0536,0.0664 ± 0.0317
HC with fairness constraints and equal number of protected attribute lambda = 0.3,xgboost,0.5699 ± 0.0089,0.4149 ± 0.0062,0.4801 ± 0.0059,0.6559 ± 0.0034,0.6559 ± 0.0034,0.0078 ± 0.0025,0.9574 ± 0.0135,0.0730 ± 0.0167
HC with fairness constraints and equal number of protected attribute lambda = 0.3,mlp,0.4811 ± 0.0079,0.4515 ± 0.0510,0.4644 ± 0.0274,0.6456 ± 0.0171,0.6456 ± 0.0171,0.0336 ± 0.0144,0.8699 ± 0.0381,0.0860 ± 0.0381
HC with fairness constraints and same size as original dataset lambda = 0.5,logistic_regression,0.6979 ± 0.0298,0.3565 ± 0.0118,0.4717 ± 0.0144,0.6518 ± 0.0073,0.6518 ± 0.0073,0.0071 ± 0.0070,0.9466 ± 0.0524,0.0333 ± 0.0058
HC with fairness constraints and same size as original dataset lambda = 0.5,random_forest,0.5853 ± 0.0098,0.3933 ± 0.0089,0.4704 ± 0.0082,0.6491 ± 0.0045,0.6491 ± 0.0045,0.0085 ± 0.0076,0.9525 ± 0.0399,0.0205 ± 0.0132
HC with fairness constraints and same size as original dataset lambda = 0.5,xgboost,0.6569 ± 0.0163,0.3906 ± 0.0098,0.4898 ± 0.0107,0.6605 ± 0.0057,0.6605 ± 0.0057,0.0040 ± 0.0019,0.9744 ± 0.0125,0.0187 ± 0.0103
HC with fairness constraints and same size as original dataset lambda = 0.5,mlp,0.5295 ± 0.0139,0.3856 ± 0.0246,0.4456 ± 0.0155,0.6342 ± 0.0080,0.6342 ± 0.0080,0.0165 ± 0.0102,0.9188 ± 0.0441,0.0425 ± 0.0184
HC with fairness constraints and double the size of original dataset lambda = 0.5,logistic_regression,0.7196 ± 0.0099,0.3271 ± 0.0122,0.4497 ± 0.0131,0.6416 ± 0.0061,0.6416 ± 0.0061,0.0059 ± 0.0063,0.9535 ± 0.0492,0.0196 ± 0.0137
HC with fairness constraints and double the size of original dataset lambda = 0.5,random_forest,0.5894 ± 0.0103,0.3877 ± 0.0082,0.4677 ± 0.0087,0.6474 ± 0.0048,0.6474 ± 0.0048,0.0090 ± 0.0042,0.9484 ± 0.0236,0.0166 ± 0.0087
HC with fairness constraints and double the size of original dataset lambda = 0.5,xgboost,0.6759 ± 0.0136,0.3740 ± 0.0080,0.4816 ± 0.0092,0.6561 ± 0.0047,0.6561 ± 0.0047,0.0093 ± 0.0059,0.9382 ± 0.0373,0.0190 ± 0.0185
HC with fairness constraints and double the size of original dataset lambda = 0.5,mlp,0.5301 ± 0.0172,0.4182 ± 0.0168,0.4669 ± 0.0058,0.6450 ± 0.0030,0.6450 ± 0.0030,0.0202 ± 0.0157,0.9132 ± 0.0626,0.0303 ± 0.0252
HC with fairness constraints and equal number of class 1 and class 0 lambda = 0.5,logistic_regression,0.7518 ± 0.0037,0.6491 ± 0.0118,0.6966 ± 0.0083,0.7174 ± 0.0060,0.7174 ± 0.0060,0.0118 ± 0.0087,0.9732 ± 0.0195,0.0137 ± 0.0111
HC with fairness constraints and equal number of class 1 and class 0 lambda = 0.5,random_forest,0.6975 ± 0.0082,0.6705 ± 0.0062,0.6838 ± 0.0069,0.6899 ± 0.0072,0.6899 ± 0.0072,0.0085 ± 0.0072,0.9827 ± 0.0145,0.0237 ± 0.0128
HC with fairness constraints and equal number of class 1 and class 0 lambda = 0.5,xgboost,0.7241 ± 0.0038,0.6787 ± 0.0120,0.7007 ± 0.0078,0.7101 ± 0.0058,0.7101 ± 0.0058,0.0166 ± 0.0130,0.9649 ± 0.0275,0.0215 ± 0.0144
HC with fairness constraints and equal number of class 1 and class 0 lambda = 0.5,mlp,0.6762 ± 0.0059,0.6421 ± 0.0348,0.6582 ± 0.0173,0.6672 ± 0.0080,0.6672 ± 0.0080,0.0145 ± 0.0127,0.9686 ± 0.0283,0.0311 ± 0.0115
HC with fairness constraints and equal number of protected attribute lambda = 0.5,logistic_regression,0.7241 ± 0.0044,0.3350 ± 0.0083,0.4580 ± 0.0070,0.6462 ± 0.0032,0.6462 ± 0.0032,0.0056 ± 0.0030,0.9536 ± 0.0234,0.0206 ± 0.0077
HC with fairness constraints and equal number of protected attribute lambda = 0.5,random_forest,0.5923 ± 0.0170,0.3939 ± 0.0093,0.4730 ± 0.0091,0.6517 ± 0.0050,0.6517 ± 0.0050,0.0095 ± 0.0044,0.9453 ± 0.0248,0.0261 ± 0.0143
HC with fairness constraints and equal number of protected attribute lambda = 0.5,xgboost,0.6631 ± 0.0070,0.3885 ± 0.0074,0.4898 ± 0.0045,0.6613 ± 0.0023,0.6613 ± 0.0023,0.0106 ± 0.0059,0.9311 ± 0.0367,0.0253 ± 0.0024
HC with fairness constraints and equal number of protected attribute lambda = 0.5,mlp,0.5191 ± 0.0169,0.4205 ± 0.0180,0.4641 ± 0.0075,0.6450 ± 0.0043,0.6450 ± 0.0043,0.0211 ± 0.0107,0.9015 ± 0.0499,0.0255 ± 0.0102
HC with fairness constraints and same size as original dataset lambda = 0.6,logistic_regression,0.7234 ± 0.0225,0.3252 ± 0.0186,0.4482 ± 0.0180,0.6422 ± 0.0082,0.6422 ± 0.0082,0.0095 ± 0.0047,0.9200 ± 0.0342,0.0206 ± 0.0133
HC with fairness constraints and same size as original dataset lambda = 0.6,random_forest,0.5952 ± 0.0100,0.3737 ± 0.0126,0.4590 ± 0.0107,0.6453 ± 0.0057,0.6453 ± 0.0057,0.0185 ± 0.0055,0.8890 ± 0.0327,0.0263 ± 0.0084
HC with fairness constraints and same size as original dataset lambda = 0.6,xgboost,0.6915 ± 0.0119,0.3504 ± 0.0142,0.4650 ± 0.0147,0.6497 ± 0.0072,0.6497 ± 0.0072,0.0110 ± 0.0056,0.9171 ± 0.0410,0.0208 ± 0.0087
HC with fairness constraints and same size as original dataset lambda = 0.6,mlp,0.5261 ± 0.0124,0.3781 ± 0.0207,0.4394 ± 0.0104,0.6332 ± 0.0051,0.6332 ± 0.0051,0.0282 ± 0.0100,0.8580 ± 0.0440,0.0319 ± 0.0099
HC with fairness constraints and double the size of original dataset lambda = 0.6,logistic_regression,0.7282 ± 0.0126,0.3067 ± 0.0085,0.4316 ± 0.0098,0.6343 ± 0.0045,0.6343 ± 0.0045,0.0081 ± 0.0040,0.9251 ± 0.0367,0.0272 ± 0.0048
HC with fairness constraints and double the size of original dataset lambda = 0.6,random_forest,0.5867 ± 0.0056,0.3656 ± 0.0095,0.4505 ± 0.0086,0.6400 ± 0.0044,0.6400 ± 0.0044,0.0078 ± 0.0042,0.9513 ± 0.0259,0.0294 ± 0.0110
HC with fairness constraints and double the size of original dataset lambda = 0.6,xgboost,0.6883 ± 0.0029,0.3442 ± 0.0045,0.4589 ± 0.0035,0.6462 ± 0.0016,0.6462 ± 0.0016,0.0073 ± 0.0038,0.9430 ± 0.0295,0.0253 ± 0.0237
HC with fairness constraints and double the size of original dataset lambda = 0.6,mlp,0.5286 ± 0.0104,0.3649 ± 0.0113,0.4317 ± 0.0100,0.6284 ± 0.0054,0.6284 ± 0.0054,0.0189 ± 0.0144,0.8994 ± 0.0753,0.0343 ± 0.0103
HC with fairness constraints and equal number of class 1 and class 0 lambda = 0.6,logistic_regression,0.7438 ± 0.0028,0.6361 ± 0.0090,0.6857 ± 0.0062,0.7085 ± 0.0044,0.7085 ± 0.0044,0.0130 ± 0.0048,0.9702 ± 0.0108,0.0211 ± 0.0059
HC with fairness constraints and equal number of class 1 and class 0 lambda = 0.6,random_forest,0.6913 ± 0.0059,0.6463 ± 0.0073,0.6680 ± 0.0062,0.6789 ± 0.0056,0.6789 ± 0.0056,0.0145 ± 0.0069,0.9696 ± 0.0143,0.0304 ± 0.0068
HC with fairness constraints and equal number of class 1 and class 0 lambda = 0.6,xgboost,0.7357 ± 0.0032,0.6388 ± 0.0079,0.6838 ± 0.0042,0.7046 ± 0.0025,0.7046 ± 0.0025,0.0074 ± 0.0050,0.9832 ± 0.0111,0.0190 ± 0.0093
HC with fairness constraints and equal number of class 1 and class 0 lambda = 0.6,mlp,0.6564 ± 0.0079,0.6427 ± 0.0141,0.6493 ± 0.0045,0.6530 ± 0.0036,0.6530 ± 0.0036,0.0451 ± 0.0276,0.9152 ± 0.0514,0.0742 ± 0.0260
HC with fairness constraints and equal number of protected attribute lambda = 0.6,logistic_regression,0.7194 ± 0.0167,0.3140 ± 0.0147,0.4370 ± 0.0157,0.6373 ± 0.0072,0.6373 ± 0.0072,0.0058 ± 0.0038,0.9466 ± 0.0352,0.0118 ± 0.0075
HC with fairness constraints and equal number of protected attribute lambda = 0.6,random_forest,0.5768 ± 0.0185,0.3646 ± 0.0077,0.4467 ± 0.0111,0.6391 ± 0.0061,0.6391 ± 0.0061,0.0105 ± 0.0059,0.9344 ± 0.0359,0.0177 ± 0.0090
HC with fairness constraints and equal number of protected attribute lambda = 0.6,xgboost,0.6814 ± 0.0123,0.3389 ± 0.0131,0.4526 ± 0.0142,0.6439 ± 0.0068,0.6439 ± 0.0068,0.0076 ± 0.0072,0.9404 ± 0.0547,0.0174 ± 0.0124
HC with fairness constraints and equal number of protected attribute lambda = 0.6,mlp,0.4992 ± 0.0163,0.4014 ± 0.0295,0.4439 ± 0.0149,0.6354 ± 0.0076,0.6354 ± 0.0076,0.0205 ± 0.0162,0.9073 ± 0.0643,0.0333 ± 0.0199
HC with fairness constraints and same size as original dataset lambda = 0.7,logistic_regression,0.6666 ± 0.0143,0.3375 ± 0.0204,0.4479 ± 0.0202,0.6410 ± 0.0096,0.6410 ± 0.0096,0.0158 ± 0.0057,0.8784 ± 0.0450,0.0262 ± 0.0218
HC with fairness constraints and same size as original dataset lambda = 0.7,random_forest,0.5573 ± 0.0060,0.3818 ± 0.0139,0.4530 ± 0.0104,0.6410 ± 0.0054,0.6410 ± 0.0054,0.0127 ± 0.0052,0.9276 ± 0.0290,0.0320 ± 0.0120
HC with fairness constraints and same size as original dataset lambda = 0.7,xgboost,0.6440 ± 0.0123,0.3476 ± 0.0201,0.4513 ± 0.0193,0.6422 ± 0.0094,0.6422 ± 0.0094,0.0142 ± 0.0078,0.8971 ± 0.0567,0.0239 ± 0.0207
HC with fairness constraints and same size as original dataset lambda = 0.7,mlp,0.4846 ± 0.0124,0.4055 ± 0.0232,0.4409 ± 0.0108,0.6315 ± 0.0058,0.6315 ± 0.0058,0.0083 ± 0.0067,0.9627 ± 0.0282,0.0215 ± 0.0074
HC with fairness constraints and double the size of original dataset lambda = 0.7,logistic_regression,0.6596 ± 0.0086,0.3545 ± 0.0079,0.4611 ± 0.0066,0.6473 ± 0.0033,0.6473 ± 0.0033,0.0102 ± 0.0055,0.9257 ± 0.0392,0.0205 ± 0.0095
HC with fairness constraints and double the size of original dataset lambda = 0.7,random_forest,0.5584 ± 0.0065,0.3709 ± 0.0119,0.4456 ± 0.0074,0.6375 ± 0.0038,0.6375 ± 0.0038,0.0137 ± 0.0114,0.9208 ± 0.0630,0.0241 ± 0.0159
HC with fairness constraints and double the size of original dataset lambda = 0.7,xgboost,0.6432 ± 0.0118,0.3547 ± 0.0062,0.4572 ± 0.0055,0.6452 ± 0.0028,0.6452 ± 0.0028,0.0108 ± 0.0060,0.9243 ± 0.0391,0.0186 ± 0.0105
HC with fairness constraints and double the size of original dataset lambda = 0.7,mlp,0.4984 ± 0.0135,0.3671 ± 0.0183,0.4224 ± 0.0114,0.6231 ± 0.0060,0.6231 ± 0.0060,0.0263 ± 0.0190,0.8713 ± 0.0856,0.0389 ± 0.0244
HC with fairness constraints and equal number of class 1 and class 0 lambda = 0.7,logistic_regression,0.7399 ± 0.0054,0.6873 ± 0.0085,0.7126 ± 0.0065,0.7228 ± 0.0056,0.7228 ± 0.0056,0.0119 ± 0.0078,0.9748 ± 0.0166,0.0160 ± 0.0083
HC with fairness constraints and equal number of class 1 and class 0 lambda = 0.7,random_forest,0.6965 ± 0.0034,0.6964 ± 0.0126,0.6964 ± 0.0073,0.6965 ± 0.0052,0.6965 ± 0.0052,0.0080 ± 0.0052,0.9842 ± 0.0102,0.0156 ± 0.0077
HC with fairness constraints and equal number of class 1 and class 0 lambda = 0.7,xgboost,0.7180 ± 0.0058,0.7047 ± 0.0091,0.7112 ± 0.0057,0.7139 ± 0.0051,0.7139 ± 0.0051,0.0174 ± 0.0062,0.9652 ± 0.0120,0.0241 ± 0.0137
HC with fairness constraints and equal number of class 1 and class 0 lambda = 0.7,mlp,0.6805 ± 0.0089,0.6552 ± 0.0244,0.6672 ± 0.0106,0.6735 ± 0.0055,0.6735 ± 0.0055,0.0262 ± 0.0159,0.9485 ± 0.0301,0.0332 ± 0.0221
HC with fairness constraints and equal number of protected attribute lambda = 0.7,logistic_regression,0.6718 ± 0.0115,0.3475 ± 0.0143,0.4579 ± 0.0136,0.6464 ± 0.0067,0.6464 ± 0.0067,0.0176 ± 0.0042,0.8700 ± 0.0283,0.0315 ± 0.0132
HC with fairness constraints and equal number of protected attribute lambda = 0.7,random_forest,0.5628 ± 0.0157,0.3852 ± 0.0117,0.4572 ± 0.0097,0.6443 ± 0.0053,0.6443 ± 0.0053,0.0168 ± 0.0121,0.9065 ± 0.0617,0.0263 ± 0.0159
HC with fairness constraints and equal number of protected attribute lambda = 0.7,xgboost,0.6256 ± 0.0139,0.3650 ± 0.0100,0.4609 ± 0.0076,0.6472 ± 0.0039,0.6472 ± 0.0039,0.0111 ± 0.0063,0.9268 ± 0.0392,0.0257 ± 0.0070
HC with fairness constraints and equal number of protected attribute lambda = 0.7,mlp,0.4834 ± 0.0225,0.4205 ± 0.0329,0.4482 ± 0.0119,0.6370 ± 0.0063,0.6370 ± 0.0063,0.0087 ± 0.0075,0.9623 ± 0.0304,0.0220 ± 0.0063
HC with fairness constraints and same size as original dataset lambda = 0.8,logistic_regression,0.6635 ± 0.0146,0.4876 ± 0.0085,0.5620 ± 0.0091,0.7023 ± 0.0052,0.7023 ± 0.0052,0.0133 ± 0.0107,0.9314 ± 0.0533,0.0429 ± 0.0205
HC with fairness constraints and same size as original dataset lambda = 0.8,random_forest,0.6231 ± 0.0100,0.5165 ± 0.0075,0.5648 ± 0.0066,0.7058 ± 0.0040,0.7058 ± 0.0040,0.0379 ± 0.0170,0.8311 ± 0.0694,0.0311 ± 0.0201
HC with fairness constraints and same size as original dataset lambda = 0.8,xgboost,0.6590 ± 0.0112,0.5338 ± 0.0117,0.5897 ± 0.0082,0.7205 ± 0.0052,0.7205 ± 0.0052,0.0314 ± 0.0160,0.8565 ± 0.0656,0.0257 ± 0.0171
HC with fairness constraints and same size as original dataset lambda = 0.8,mlp,0.5672 ± 0.0159,0.5286 ± 0.0136,0.5469 ± 0.0069,0.6965 ± 0.0044,0.6965 ± 0.0044,0.0335 ± 0.0177,0.8681 ± 0.0610,0.0333 ± 0.0178
HC with fairness constraints and double the size of original dataset lambda = 0.8,logistic_regression,0.6591 ± 0.0084,0.4687 ± 0.0084,0.5477 ± 0.0039,0.6946 ± 0.0025,0.6946 ± 0.0025,0.0136 ± 0.0061,0.9276 ± 0.0305,0.0769 ± 0.0108
HC with fairness constraints and double the size of original dataset lambda = 0.8,random_forest,0.6167 ± 0.0074,0.5069 ± 0.0122,0.5562 ± 0.0049,0.7017 ± 0.0035,0.7017 ± 0.0035,0.0100 ± 0.0081,0.9523 ± 0.0374,0.0364 ± 0.0111
HC with fairness constraints and double the size of original dataset lambda = 0.8,xgboost,0.6698 ± 0.0149,0.5172 ± 0.0127,0.5834 ± 0.0053,0.7167 ± 0.0036,0.7167 ± 0.0036,0.0096 ± 0.0043,0.9516 ± 0.0210,0.0737 ± 0.0104
HC with fairness constraints and double the size of original dataset lambda = 0.8,mlp,0.5627 ± 0.0228,0.5266 ± 0.0447,0.5421 ± 0.0152,0.6955 ± 0.0119,0.6955 ± 0.0119,0.0072 ± 0.0049,0.9692 ± 0.0202,0.0491 ± 0.0181
HC with fairness constraints and equal number of class 1 and class 0 lambda = 0.8,logistic_regression,0.7725 ± 0.0080,0.7879 ± 0.0068,0.7801 ± 0.0072,0.7779 ± 0.0075,0.7779 ± 0.0075,0.0669 ± 0.0116,0.8744 ± 0.0213,0.0595 ± 0.0185
HC with fairness constraints and equal number of class 1 and class 0 lambda = 0.8,random_forest,0.7502 ± 0.0080,0.7721 ± 0.0042,0.7610 ± 0.0052,0.7574 ± 0.0061,0.7574 ± 0.0061,0.0554 ± 0.0080,0.8960 ± 0.0149,0.0520 ± 0.0145
HC with fairness constraints and equal number of class 1 and class 0 lambda = 0.8,xgboost,0.7751 ± 0.0078,0.7960 ± 0.0024,0.7854 ± 0.0050,0.7825 ± 0.0059,0.7825 ± 0.0059,0.0508 ± 0.0157,0.9044 ± 0.0290,0.0447 ± 0.0139
HC with fairness constraints and equal number of class 1 and class 0 lambda = 0.8,mlp,0.7222 ± 0.0125,0.7611 ± 0.0141,0.7409 ± 0.0043,0.7339 ± 0.0061,0.7339 ± 0.0061,0.0553 ± 0.0098,0.8987 ± 0.0174,0.0600 ± 0.0143
HC with fairness constraints and equal number of protected attribute lambda = 0.8,logistic_regression,0.6708 ± 0.0210,0.5123 ± 0.0068,0.5807 ± 0.0057,0.7150 ± 0.0028,0.7150 ± 0.0028,0.0071 ± 0.0060,0.9636 ± 0.0306,0.0654 ± 0.0123
HC with fairness constraints and equal number of protected attribute lambda = 0.8,random_forest,0.6200 ± 0.0060,0.5247 ± 0.0106,0.5684 ± 0.0079,0.7100 ± 0.0051,0.7100 ± 0.0051,0.0267 ± 0.0106,0.8808 ± 0.0452,0.0345 ± 0.0067
HC with fairness constraints and equal number of protected attribute lambda = 0.8,xgboost,0.6708 ± 0.0122,0.5519 ± 0.0081,0.6054 ± 0.0062,0.7317 ± 0.0038,0.7317 ± 0.0038,0.0155 ± 0.0091,0.9271 ± 0.0415,0.0469 ± 0.0262
HC with fairness constraints and equal number of protected attribute lambda = 0.8,mlp,0.5566 ± 0.0145,0.5433 ± 0.0324,0.5489 ± 0.0121,0.7008 ± 0.0091,0.7008 ± 0.0091,0.0290 ± 0.0118,0.8886 ± 0.0378,0.0341 ± 0.0069
HC with fairness constraints and same size as original dataset lambda = 0.9,logistic_regression,0.6604 ± 0.0089,0.3262 ± 0.0063,0.4366 ± 0.0055,0.6348 ± 0.0026,0.6348 ± 0.0026,0.0141 ± 0.0058,0.8924 ± 0.0426,0.0267 ± 0.0135
HC with fairness constraints and same size as original dataset lambda = 0.9,random_forest,0.5637 ± 0.0065,0.3808 ± 0.0122,0.4545 ± 0.0104,0.6408 ± 0.0056,0.6408 ± 0.0056,0.0072 ± 0.0041,0.9583 ± 0.0233,0.0240 ± 0.0155
HC with fairness constraints and same size as original dataset lambda = 0.9,xgboost,0.6395 ± 0.0088,0.3529 ± 0.0110,0.4548 ± 0.0111,0.6430 ± 0.0056,0.6430 ± 0.0056,0.0092 ± 0.0050,0.9359 ± 0.0340,0.0218 ± 0.0055
HC with fairness constraints and same size as original dataset lambda = 0.9,mlp,0.5055 ± 0.0185,0.4183 ± 0.0533,0.4552 ± 0.0275,0.6396 ± 0.0155,0.6396 ± 0.0155,0.0183 ± 0.0194,0.9306 ± 0.0692,0.0284 ± 0.0176
HC with fairness constraints and double the size of original dataset lambda = 0.9,logistic_regression,0.6523 ± 0.0122,0.3645 ± 0.0047,0.4676 ± 0.0016,0.6499 ± 0.0008,0.6499 ± 0.0008,0.0289 ± 0.0044,0.8062 ± 0.0294,0.0423 ± 0.0109
HC with fairness constraints and double the size of original dataset lambda = 0.9,random_forest,0.5667 ± 0.0089,0.3845 ± 0.0066,0.4582 ± 0.0076,0.6434 ± 0.0042,0.6434 ± 0.0042,0.0175 ± 0.0080,0.9008 ± 0.0441,0.0233 ± 0.0085
HC with fairness constraints and double the size of original dataset lambda = 0.9,xgboost,0.6463 ± 0.0061,0.3748 ± 0.0052,0.4745 ± 0.0045,0.6533 ± 0.0023,0.6533 ± 0.0023,0.0253 ± 0.0056,0.8350 ± 0.0343,0.0405 ± 0.0122
HC with fairness constraints and double the size of original dataset lambda = 0.9,mlp,0.5069 ± 0.0067,0.4233 ± 0.0155,0.4611 ± 0.0084,0.6432 ± 0.0048,0.6432 ± 0.0048,0.0199 ± 0.0095,0.9091 ± 0.0440,0.0352 ± 0.0179
HC with fairness constraints and equal number of class 1 and class 0 lambda = 0.9,logistic_regression,0.7398 ± 0.0036,0.6889 ± 0.0069,0.7134 ± 0.0040,0.7233 ± 0.0031,0.7233 ± 0.0031,0.0243 ± 0.0089,0.9487 ± 0.0190,0.0309 ± 0.0121
HC with fairness constraints and equal number of class 1 and class 0 lambda = 0.9,random_forest,0.6926 ± 0.0055,0.7015 ± 0.0062,0.6970 ± 0.0030,0.6950 ± 0.0036,0.6950 ± 0.0036,0.0240 ± 0.0121,0.9533 ± 0.0234,0.0307 ± 0.0106
HC with fairness constraints and equal number of class 1 and class 0 lambda = 0.9,xgboost,0.7177 ± 0.0062,0.7206 ± 0.0032,0.7191 ± 0.0032,0.7185 ± 0.0043,0.7185 ± 0.0043,0.0224 ± 0.0182,0.9562 ± 0.0356,0.0340 ± 0.0147
HC with fairness constraints and equal number of class 1 and class 0 lambda = 0.9,mlp,0.6724 ± 0.0067,0.6863 ± 0.0222,0.6790 ± 0.0097,0.6758 ± 0.0057,0.6758 ± 0.0057,0.0334 ± 0.0170,0.9362 ± 0.0320,0.0464 ± 0.0210
HC with fairness constraints and equal number of protected attribute lambda = 0.9,logistic_regression,0.6574 ± 0.0084,0.3716 ± 0.0136,0.4745 ± 0.0094,0.6544 ± 0.0047,0.6544 ± 0.0047,0.0151 ± 0.0104,0.8988 ± 0.0646,0.0268 ± 0.0213
HC with fairness constraints and equal number of protected attribute lambda = 0.9,random_forest,0.5593 ± 0.0095,0.3791 ± 0.0043,0.4518 ± 0.0048,0.6412 ± 0.0027,0.6412 ± 0.0027,0.0060 ± 0.0052,0.9648 ± 0.0302,0.0190 ± 0.0087
HC with fairness constraints and equal number of protected attribute lambda = 0.9,xgboost,0.6332 ± 0.0113,0.3781 ± 0.0083,0.4734 ± 0.0076,0.6536 ± 0.0040,0.6536 ± 0.0040,0.0072 ± 0.0032,0.9518 ± 0.0210,0.0178 ± 0.0057
HC with fairness constraints and equal number of protected attribute lambda = 0.9,mlp,0.4723 ± 0.0285,0.4184 ± 0.0251,0.4423 ± 0.0092,0.6326 ± 0.0057,0.6326 ± 0.0057,0.0116 ± 0.0058,0.9488 ± 0.0218,0.0305 ± 0.0212
HC with fairness constraints and same size as original dataset lambda = 1.0,logistic_regression,0.7274 ± 0.0175,0.2997 ± 0.0124,0.4241 ± 0.0093,0.6305 ± 0.0037,0.6305 ± 0.0037,0.0082 ± 0.0100,0.9310 ± 0.0761,0.0235 ± 0.0170
HC with fairness constraints and same size as original dataset lambda = 1.0,random_forest,0.5497 ± 0.0083,0.3470 ± 0.0114,0.4253 ± 0.0086,0.6249 ± 0.0042,0.6249 ± 0.0042,0.0085 ± 0.0051,0.9493 ± 0.0303,0.0221 ± 0.0159
HC with fairness constraints and same size as original dataset lambda = 1.0,xgboost,0.6503 ± 0.0060,0.3266 ± 0.0062,0.4348 ± 0.0053,0.6333 ± 0.0025,0.6333 ± 0.0025,0.0058 ± 0.0031,0.9558 ± 0.0229,0.0163 ± 0.0097
HC with fairness constraints and same size as original dataset lambda = 1.0,mlp,0.4718 ± 0.0096,0.3720 ± 0.0170,0.4156 ± 0.0077,0.6147 ± 0.0030,0.6147 ± 0.0030,0.0181 ± 0.0135,0.9161 ± 0.0594,0.0412 ± 0.0131
HC with fairness constraints and double the size of original dataset lambda = 1.0,logistic_regression,0.7119 ± 0.0165,0.3145 ± 0.0095,0.4361 ± 0.0077,0.6355 ± 0.0034,0.6355 ± 0.0034,0.0086 ± 0.0059,0.9302 ± 0.0423,0.0149 ± 0.0080
HC with fairness constraints and double the size of original dataset lambda = 1.0,random_forest,0.5811 ± 0.0062,0.3617 ± 0.0031,0.4459 ± 0.0039,0.6363 ± 0.0021,0.6363 ± 0.0021,0.0168 ± 0.0039,0.9012 ± 0.0215,0.0238 ± 0.0077
HC with fairness constraints and double the size of original dataset lambda = 1.0,xgboost,0.6771 ± 0.0088,0.3312 ± 0.0069,0.4447 ± 0.0068,0.6386 ± 0.0033,0.6386 ± 0.0033,0.0082 ± 0.0046,0.9383 ± 0.0339,0.0158 ± 0.0085
HC with fairness constraints and double the size of original dataset lambda = 1.0,mlp,0.4943 ± 0.0083,0.3814 ± 0.0212,0.4302 ± 0.0128,0.6240 ± 0.0065,0.6240 ± 0.0065,0.0288 ± 0.0133,0.8665 ± 0.0609,0.0350 ± 0.0105
HC with fairness constraints and equal number of class 1 and class 0 lambda = 1.0,logistic_regression,0.7407 ± 0.0034,0.6399 ± 0.0072,0.6866 ± 0.0046,0.7079 ± 0.0033,0.7079 ± 0.0033,0.0084 ± 0.0054,0.9810 ± 0.0120,0.0206 ± 0.0072
HC with fairness constraints and equal number of class 1 and class 0 lambda = 1.0,random_forest,0.6816 ± 0.0069,0.6425 ± 0.0061,0.6615 ± 0.0053,0.6712 ± 0.0056,0.6712 ± 0.0056,0.0162 ± 0.0044,0.9659 ± 0.0095,0.0208 ± 0.0106
HC with fairness constraints and equal number of class 1 and class 0 lambda = 1.0,xgboost,0.7172 ± 0.0072,0.6375 ± 0.0047,0.6750 ± 0.0031,0.6930 ± 0.0040,0.6930 ± 0.0040,0.0148 ± 0.0097,0.9673 ± 0.0211,0.0215 ± 0.0114
HC with fairness constraints and equal number of class 1 and class 0 lambda = 1.0,mlp,0.6560 ± 0.0120,0.6051 ± 0.0259,0.6290 ± 0.0117,0.6435 ± 0.0067,0.6435 ± 0.0067,0.0191 ± 0.0142,0.9583 ± 0.0320,0.0492 ± 0.0101
HC with fairness constraints and equal number of protected attribute lambda = 1.0,logistic_regression,0.7203 ± 0.0104,0.2981 ± 0.0098,0.4216 ± 0.0084,0.6295 ± 0.0035,0.6295 ± 0.0035,0.0072 ± 0.0036,0.9329 ± 0.0333,0.0208 ± 0.0130
HC with fairness constraints and equal number of protected attribute lambda = 1.0,random_forest,0.5594 ± 0.0076,0.3553 ± 0.0099,0.4345 ± 0.0075,0.6305 ± 0.0037,0.6305 ± 0.0037,0.0061 ± 0.0055,0.9633 ± 0.0310,0.0191 ± 0.0114
HC with fairness constraints and equal number of protected attribute lambda = 1.0,xgboost,0.6557 ± 0.0155,0.3340 ± 0.0087,0.4424 ± 0.0086,0.6374 ± 0.0042,0.6374 ± 0.0042,0.0101 ± 0.0026,0.9244 ± 0.0176,0.0231 ± 0.0108
HC with fairness constraints and equal number of protected attribute lambda = 1.0,mlp,0.4826 ± 0.0188,0.3799 ± 0.0174,0.4246 ± 0.0105,0.6211 ± 0.0060,0.6211 ± 0.0060,0.0078 ± 0.0060,0.9618 ± 0.0295,0.0220 ± 0.0163
HC with fairness constraints and same size as original dataset lambda = 1.1,logistic_regression,0.6977 ± 0.0117,0.3589 ± 0.0067,0.4739 ± 0.0053,0.6529 ± 0.0026,0.6529 ± 0.0026,0.0069 ± 0.0053,0.9497 ± 0.0374,0.0205 ± 0.0141
HC with fairness constraints and same size as original dataset lambda = 1.1,random_forest,0.5725 ± 0.0085,0.3915 ± 0.0165,0.4649 ± 0.0132,0.6458 ± 0.0071,0.6458 ± 0.0071,0.0073 ± 0.0049,0.9594 ± 0.0271,0.0246 ± 0.0074
HC with fairness constraints and same size as original dataset lambda = 1.1,xgboost,0.6496 ± 0.0096,0.3559 ± 0.0078,0.4598 ± 0.0071,0.6451 ± 0.0035,0.6451 ± 0.0035,0.0090 ± 0.0053,0.9379 ± 0.0356,0.0256 ± 0.0212
HC with fairness constraints and same size as original dataset lambda = 1.1,mlp,0.4937 ± 0.0040,0.4064 ± 0.0245,0.4453 ± 0.0144,0.6319 ± 0.0073,0.6319 ± 0.0073,0.0233 ± 0.0159,0.8993 ± 0.0617,0.0326 ± 0.0160
HC with fairness constraints and double the size of original dataset lambda = 1.1,logistic_regression,0.7217 ± 0.0144,0.3284 ± 0.0064,0.4513 ± 0.0058,0.6426 ± 0.0027,0.6426 ± 0.0027,0.0038 ± 0.0021,0.9684 ± 0.0170,0.0175 ± 0.0095
HC with fairness constraints and double the size of original dataset lambda = 1.1,random_forest,0.5864 ± 0.0045,0.3728 ± 0.0119,0.4557 ± 0.0099,0.6416 ± 0.0052,0.6416 ± 0.0052,0.0099 ± 0.0054,0.9416 ± 0.0312,0.0256 ± 0.0134
HC with fairness constraints and double the size of original dataset lambda = 1.1,xgboost,0.6738 ± 0.0126,0.3560 ± 0.0044,0.4659 ± 0.0060,0.6486 ± 0.0031,0.6486 ± 0.0031,0.0083 ± 0.0037,0.9402 ± 0.0260,0.0153 ± 0.0051
HC with fairness constraints and double the size of original dataset lambda = 1.1,mlp,0.5098 ± 0.0099,0.3608 ± 0.0155,0.4223 ± 0.0093,0.6212 ± 0.0047,0.6212 ± 0.0047,0.0346 ± 0.0175,0.8307 ± 0.0846,0.0553 ± 0.0236
HC with fairness constraints and equal number of class 1 and class 0 lambda = 1.1,logistic_regression,0.7396 ± 0.0030,0.6363 ± 0.0087,0.6841 ± 0.0057,0.7061 ± 0.0039,0.7061 ± 0.0039,0.0097 ± 0.0079,0.9778 ± 0.0178,0.0193 ± 0.0135
HC with fairness constraints and equal number of class 1 and class 0 lambda = 1.1,random_forest,0.6765 ± 0.0048,0.6397 ± 0.0109,0.6575 ± 0.0066,0.6669 ± 0.0048,0.6669 ± 0.0048,0.0118 ± 0.0082,0.9757 ± 0.0164,0.0250 ± 0.0084
HC with fairness constraints and equal number of class 1 and class 0 lambda = 1.1,xgboost,0.7162 ± 0.0045,0.6475 ± 0.0077,0.6801 ± 0.0053,0.6955 ± 0.0042,0.6955 ± 0.0042,0.0071 ± 0.0045,0.9844 ± 0.0098,0.0194 ± 0.0069
HC with fairness constraints and equal number of class 1 and class 0 lambda = 1.1,mlp,0.6497 ± 0.0135,0.6242 ± 0.0271,0.6361 ± 0.0084,0.6432 ± 0.0032,0.6432 ± 0.0032,0.0201 ± 0.0133,0.9590 ± 0.0271,0.0339 ± 0.0148
HC with fairness constraints and equal number of protected attribute lambda = 1.1,logistic_regression,0.7107 ± 0.0065,0.3155 ± 0.0105,0.4369 ± 0.0104,0.6356 ± 0.0047,0.6356 ± 0.0047,0.0067 ± 0.0050,0.9430 ± 0.0423,0.0255 ± 0.0110
HC with fairness constraints and equal number of protected attribute lambda = 1.1,random_forest,0.5706 ± 0.0105,0.3791 ± 0.0124,0.4554 ± 0.0092,0.6404 ± 0.0048,0.6404 ± 0.0048,0.0104 ± 0.0064,0.9416 ± 0.0348,0.0251 ± 0.0104
HC with fairness constraints and equal number of protected attribute lambda = 1.1,xgboost,0.6511 ± 0.0084,0.3440 ± 0.0112,0.4500 ± 0.0081,0.6402 ± 0.0037,0.6402 ± 0.0037,0.0168 ± 0.0096,0.8839 ± 0.0658,0.0348 ± 0.0140
HC with fairness constraints and equal number of protected attribute lambda = 1.1,mlp,0.4891 ± 0.0079,0.3711 ± 0.0124,0.4218 ± 0.0086,0.6187 ± 0.0045,0.6187 ± 0.0045,0.0246 ± 0.0141,0.8840 ± 0.0635,0.0449 ± 0.0243
HC with fairness constraints and same size as original dataset lambda = 1.2,logistic_regression,0.6760 ± 0.0213,0.4199 ± 0.0192,0.5176 ± 0.0147,0.6763 ± 0.0081,0.6763 ± 0.0081,0.0302 ± 0.0103,0.8310 ± 0.0498,0.0339 ± 0.0286
HC with fairness constraints and same size as original dataset lambda = 1.2,random_forest,0.5894 ± 0.0187,0.4136 ± 0.0129,0.4860 ± 0.0136,0.6588 ± 0.0078,0.6588 ± 0.0078,0.0305 ± 0.0064,0.8443 ± 0.0323,0.0314 ± 0.0065
HC with fairness constraints and same size as original dataset lambda = 1.2,xgboost,0.6515 ± 0.0201,0.4219 ± 0.0126,0.5120 ± 0.0118,0.6733 ± 0.0065,0.6733 ± 0.0065,0.0347 ± 0.0085,0.8140 ± 0.0383,0.0423 ± 0.0217
HC with fairness constraints and same size as original dataset lambda = 1.2,mlp,0.5311 ± 0.0140,0.4126 ± 0.0231,0.4637 ± 0.0119,0.6455 ± 0.0063,0.6455 ± 0.0063,0.0500 ± 0.0201,0.7866 ± 0.0635,0.0523 ± 0.0225
HC with fairness constraints and double the size of original dataset lambda = 1.2,logistic_regression,0.6715 ± 0.0026,0.4487 ± 0.0069,0.5379 ± 0.0050,0.6876 ± 0.0029,0.6876 ± 0.0029,0.0503 ± 0.0078,0.7514 ± 0.0299,0.0649 ± 0.0149
HC with fairness constraints and double the size of original dataset lambda = 1.2,random_forest,0.5985 ± 0.0064,0.4272 ± 0.0040,0.4985 ± 0.0043,0.6656 ± 0.0025,0.6656 ± 0.0025,0.0537 ± 0.0073,0.7508 ± 0.0286,0.0575 ± 0.0108
HC with fairness constraints and double the size of original dataset lambda = 1.2,xgboost,0.6639 ± 0.0046,0.4264 ± 0.0051,0.5192 ± 0.0035,0.6770 ± 0.0020,0.6770 ± 0.0020,0.0503 ± 0.0104,0.7433 ± 0.0453,0.0610 ± 0.0116
HC with fairness constraints and double the size of original dataset lambda = 1.2,mlp,0.5499 ± 0.0097,0.4100 ± 0.0202,0.4693 ± 0.0106,0.6487 ± 0.0057,0.6487 ± 0.0057,0.0642 ± 0.0107,0.7218 ± 0.0402,0.0684 ± 0.0241
HC with fairness constraints and equal number of class 1 and class 0 lambda = 1.2,logistic_regression,0.7481 ± 0.0058,0.7045 ± 0.0035,0.7257 ± 0.0024,0.7336 ± 0.0032,0.7336 ± 0.0032,0.1051 ± 0.0142,0.8060 ± 0.0219,0.0892 ± 0.0223
HC with fairness constraints and equal number of class 1 and class 0 lambda = 1.2,random_forest,0.7059 ± 0.0019,0.6973 ± 0.0102,0.7016 ± 0.0046,0.7034 ± 0.0023,0.7034 ± 0.0023,0.0809 ± 0.0102,0.8523 ± 0.0185,0.0692 ± 0.0211
HC with fairness constraints and equal number of class 1 and class 0 lambda = 1.2,xgboost,0.7309 ± 0.0042,0.7039 ± 0.0029,0.7171 ± 0.0025,0.7223 ± 0.0029,0.7223 ± 0.0029,0.1001 ± 0.0105,0.8173 ± 0.0178,0.0858 ± 0.0126
HC with fairness constraints and equal number of class 1 and class 0 lambda = 1.2,mlp,0.6904 ± 0.0115,0.6783 ± 0.0170,0.6840 ± 0.0041,0.6868 ± 0.0039,0.6868 ± 0.0039,0.0606 ± 0.0277,0.8879 ± 0.0455,0.0583 ± 0.0330
HC with fairness constraints and equal number of protected attribute lambda = 1.2,logistic_regression,0.6761 ± 0.0072,0.4523 ± 0.0174,0.5419 ± 0.0146,0.6890 ± 0.0083,0.6890 ± 0.0083,0.0428 ± 0.0015,0.7774 ± 0.0051,0.0606 ± 0.0298
HC with fairness constraints and equal number of protected attribute lambda = 1.2,random_forest,0.5906 ± 0.0025,0.4325 ± 0.0082,0.4993 ± 0.0061,0.6648 ± 0.0035,0.6648 ± 0.0035,0.0437 ± 0.0099,0.7921 ± 0.0432,0.0529 ± 0.0157
HC with fairness constraints and equal number of protected attribute lambda = 1.2,xgboost,0.6552 ± 0.0038,0.4501 ± 0.0196,0.5334 ± 0.0140,0.6844 ± 0.0080,0.6844 ± 0.0080,0.0459 ± 0.0093,0.7683 ± 0.0476,0.0572 ± 0.0090
HC with fairness constraints and equal number of protected attribute lambda = 1.2,mlp,0.5298 ± 0.0206,0.4263 ± 0.0399,0.4707 ± 0.0175,0.6476 ± 0.0096,0.6476 ± 0.0096,0.0533 ± 0.0117,0.7701 ± 0.0527,0.0616 ± 0.0234
HC with fairness constraints and same size as original dataset lambda = 1.3,logistic_regression,0.7375 ± 0.0188,0.2124 ± 0.0140,0.3297 ± 0.0185,0.5939 ± 0.0072,0.5939 ± 0.0072,0.0060 ± 0.0042,0.9219 ± 0.0456,0.0225 ± 0.0134
HC with fairness constraints and same size as original dataset lambda = 1.3,random_forest,0.5439 ± 0.0112,0.3233 ± 0.0178,0.4054 ± 0.0165,0.6175 ± 0.0081,0.6175 ± 0.0081,0.0179 ± 0.0105,0.8880 ± 0.0630,0.0282 ± 0.0180
HC with fairness constraints and same size as original dataset lambda = 1.3,xgboost,0.6712 ± 0.0114,0.2600 ± 0.0170,0.3746 ± 0.0190,0.6093 ± 0.0080,0.6093 ± 0.0080,0.0098 ± 0.0037,0.9041 ± 0.0318,0.0209 ± 0.0096
HC with fairness constraints and same size as original dataset lambda = 1.3,mlp,0.4684 ± 0.0078,0.3578 ± 0.0511,0.4037 ± 0.0340,0.6127 ± 0.0167,0.6127 ± 0.0167,0.0142 ± 0.0057,0.9251 ± 0.0374,0.0221 ± 0.0058
HC with fairness constraints and double the size of original dataset lambda = 1.3,logistic_regression,0.7368 ± 0.0119,0.2019 ± 0.0063,0.3168 ± 0.0071,0.5889 ± 0.0024,0.5889 ± 0.0024,0.0044 ± 0.0031,0.9398 ± 0.0418,0.0141 ± 0.0135
HC with fairness constraints and double the size of original dataset lambda = 1.3,random_forest,0.5426 ± 0.0082,0.3120 ± 0.0129,0.3961 ± 0.0113,0.6122 ± 0.0053,0.6122 ± 0.0053,0.0161 ± 0.0065,0.8960 ± 0.0415,0.0372 ± 0.0168
HC with fairness constraints and double the size of original dataset lambda = 1.3,xgboost,0.6737 ± 0.0165,0.2611 ± 0.0096,0.3761 ± 0.0080,0.6094 ± 0.0029,0.6094 ± 0.0029,0.0117 ± 0.0070,0.8914 ± 0.0587,0.0276 ± 0.0130
HC with fairness constraints and double the size of original dataset lambda = 1.3,mlp,0.4935 ± 0.0112,0.3411 ± 0.0300,0.4023 ± 0.0183,0.6120 ± 0.0078,0.6120 ± 0.0078,0.0339 ± 0.0146,0.8268 ± 0.0690,0.0600 ± 0.0252
HC with fairness constraints and equal number of class 1 and class 0 lambda = 1.3,logistic_regression,0.6787 ± 0.0075,0.7639 ± 0.0097,0.7187 ± 0.0068,0.7011 ± 0.0073,0.7011 ± 0.0073,0.0160 ± 0.0101,0.9724 ± 0.0172,0.0423 ± 0.0138
HC with fairness constraints and equal number of class 1 and class 0 lambda = 1.3,random_forest,0.6743 ± 0.0028,0.7157 ± 0.0122,0.6943 ± 0.0065,0.6850 ± 0.0046,0.6850 ± 0.0046,0.0132 ± 0.0076,0.9758 ± 0.0137,0.0458 ± 0.0080
HC with fairness constraints and equal number of class 1 and class 0 lambda = 1.3,xgboost,0.6859 ± 0.0056,0.7555 ± 0.0030,0.7190 ± 0.0035,0.7047 ± 0.0047,0.7047 ± 0.0047,0.0273 ± 0.0078,0.9521 ± 0.0133,0.0641 ± 0.0171
HC with fairness constraints and equal number of class 1 and class 0 lambda = 1.3,mlp,0.6592 ± 0.0067,0.6939 ± 0.0172,0.6759 ± 0.0050,0.6674 ± 0.0021,0.6674 ± 0.0021,0.0191 ± 0.0131,0.9646 ± 0.0239,0.0504 ± 0.0156
HC with fairness constraints and equal number of protected attribute lambda = 1.3,logistic_regression,0.7583 ± 0.0232,0.2040 ± 0.0075,0.3214 ± 0.0108,0.5915 ± 0.0043,0.5915 ± 0.0043,0.0042 ± 0.0030,0.9373 ± 0.0445,0.0252 ± 0.0092
HC with fairness constraints and equal number of protected attribute lambda = 1.3,random_forest,0.5375 ± 0.0077,0.3243 ± 0.0158,0.4044 ± 0.0139,0.6171 ± 0.0067,0.6171 ± 0.0067,0.0048 ± 0.0038,0.9687 ± 0.0234,0.0240 ± 0.0139
HC with fairness constraints and equal number of protected attribute lambda = 1.3,xgboost,0.6637 ± 0.0194,0.2593 ± 0.0124,0.3729 ± 0.0152,0.6084 ± 0.0066,0.6084 ± 0.0066,0.0030 ± 0.0024,0.9698 ± 0.0239,0.0197 ± 0.0131
HC with fairness constraints and equal number of protected attribute lambda = 1.3,mlp,0.4745 ± 0.0191,0.3662 ± 0.0251,0.4126 ± 0.0155,0.6172 ± 0.0083,0.6172 ± 0.0083,0.0209 ± 0.0073,0.8955 ± 0.0356,0.0462 ± 0.0118
HC with fairness constraints and same size as original dataset lambda = 1.4,logistic_regression,0.7348 ± 0.0121,0.2166 ± 0.0031,0.3346 ± 0.0035,0.5954 ± 0.0013,0.5954 ± 0.0013,0.0038 ± 0.0019,0.9504 ± 0.0252,0.0134 ± 0.0049
HC with fairness constraints and same size as original dataset lambda = 1.4,random_forest,0.5538 ± 0.0171,0.2976 ± 0.0085,0.3871 ± 0.0101,0.6091 ± 0.0052,0.6091 ± 0.0052,0.0155 ± 0.0079,0.8929 ± 0.0543,0.0401 ± 0.0184
HC with fairness constraints and same size as original dataset lambda = 1.4,xgboost,0.6645 ± 0.0211,0.2767 ± 0.0119,0.3906 ± 0.0149,0.6152 ± 0.0068,0.6152 ± 0.0068,0.0151 ± 0.0065,0.8692 ± 0.0507,0.0384 ± 0.0095
HC with fairness constraints and same size as original dataset lambda = 1.4,mlp,0.4831 ± 0.0145,0.2999 ± 0.0236,0.3693 ± 0.0173,0.5967 ± 0.0072,0.5967 ± 0.0072,0.0267 ± 0.0127,0.8427 ± 0.0779,0.0550 ± 0.0061
HC with fairness constraints and double the size of original dataset lambda = 1.4,logistic_regression,0.7561 ± 0.0113,0.2135 ± 0.0018,0.3330 ± 0.0027,0.5954 ± 0.0012,0.5954 ± 0.0012,0.0080 ± 0.0019,0.8937 ± 0.0243,0.0223 ± 0.0056
HC with fairness constraints and double the size of original dataset lambda = 1.4,random_forest,0.5755 ± 0.0107,0.3002 ± 0.0026,0.3945 ± 0.0032,0.6136 ± 0.0018,0.6136 ± 0.0018,0.0220 ± 0.0085,0.8500 ± 0.0535,0.0482 ± 0.0201
HC with fairness constraints and double the size of original dataset lambda = 1.4,xgboost,0.7081 ± 0.0066,0.2754 ± 0.0077,0.3965 ± 0.0087,0.6190 ± 0.0037,0.6190 ± 0.0037,0.0202 ± 0.0102,0.8208 ± 0.0858,0.0575 ± 0.0291
HC with fairness constraints and double the size of original dataset lambda = 1.4,mlp,0.5010 ± 0.0158,0.3178 ± 0.0100,0.3885 ± 0.0041,0.6066 ± 0.0016,0.6066 ± 0.0016,0.0370 ± 0.0200,0.8025 ± 0.0896,0.0627 ± 0.0338
HC with fairness constraints and equal number of class 1 and class 0 lambda = 1.4,logistic_regression,0.7079 ± 0.0083,0.4729 ± 0.0043,0.5670 ± 0.0047,0.6389 ± 0.0045,0.6389 ± 0.0045,0.0133 ± 0.0066,0.9613 ± 0.0180,0.0383 ± 0.0069
HC with fairness constraints and equal number of class 1 and class 0 lambda = 1.4,random_forest,0.6390 ± 0.0045,0.5786 ± 0.0069,0.6073 ± 0.0048,0.6258 ± 0.0039,0.6258 ± 0.0039,0.0304 ± 0.0167,0.9368 ± 0.0320,0.0527 ± 0.0139
HC with fairness constraints and equal number of class 1 and class 0 lambda = 1.4,xgboost,0.6875 ± 0.0055,0.5465 ± 0.0069,0.6090 ± 0.0058,0.6491 ± 0.0045,0.6491 ± 0.0045,0.0106 ± 0.0051,0.9736 ± 0.0128,0.0356 ± 0.0143
HC with fairness constraints and equal number of class 1 and class 0 lambda = 1.4,mlp,0.6159 ± 0.0169,0.5710 ± 0.0411,0.5912 ± 0.0156,0.6063 ± 0.0067,0.6063 ± 0.0067,0.0449 ± 0.0262,0.9113 ± 0.0462,0.0569 ± 0.0210
HC with fairness constraints and equal number of protected attribute lambda = 1.4,logistic_regression,0.7457 ± 0.0237,0.2239 ± 0.0081,0.3443 ± 0.0114,0.5991 ± 0.0048,0.5991 ± 0.0048,0.0076 ± 0.0041,0.9058 ± 0.0490,0.0189 ± 0.0093
HC with fairness constraints and equal number of protected attribute lambda = 1.4,random_forest,0.5564 ± 0.0121,0.3136 ± 0.0095,0.4010 ± 0.0087,0.6147 ± 0.0042,0.6147 ± 0.0042,0.0187 ± 0.0114,0.8799 ± 0.0643,0.0513 ± 0.0205
HC with fairness constraints and equal number of protected attribute lambda = 1.4,xgboost,0.6706 ± 0.0112,0.2965 ± 0.0056,0.4111 ± 0.0063,0.6237 ± 0.0030,0.6237 ± 0.0030,0.0156 ± 0.0069,0.8701 ± 0.0571,0.0383 ± 0.0120
HC with fairness constraints and equal number of protected attribute lambda = 1.4,mlp,0.4755 ± 0.0190,0.3400 ± 0.0184,0.3957 ± 0.0083,0.6066 ± 0.0035,0.6066 ± 0.0035,0.0284 ± 0.0168,0.8602 ± 0.0641,0.0510 ± 0.0170
HC with fairness constraints and same size as original dataset lambda = 1.5,logistic_regression,0.6871 ± 0.0138,0.4808 ± 0.0086,0.5657 ± 0.0098,0.7041 ± 0.0055,0.7041 ± 0.0055,0.0159 ± 0.0094,0.9123 ± 0.0516,0.0432 ± 0.0228
HC with fairness constraints and same size as original dataset lambda = 1.5,random_forest,0.6344 ± 0.0096,0.4932 ± 0.0083,0.5550 ± 0.0084,0.6996 ± 0.0050,0.6996 ± 0.0050,0.0126 ± 0.0104,0.9364 ± 0.0516,0.0442 ± 0.0225
HC with fairness constraints and same size as original dataset lambda = 1.5,xgboost,0.6808 ± 0.0110,0.5010 ± 0.0095,0.5772 ± 0.0099,0.7116 ± 0.0058,0.7116 ± 0.0058,0.0101 ± 0.0057,0.9461 ± 0.0301,0.0393 ± 0.0206
HC with fairness constraints and same size as original dataset lambda = 1.5,mlp,0.5623 ± 0.0289,0.5328 ± 0.0242,0.5460 ± 0.0078,0.6970 ± 0.0050,0.6970 ± 0.0050,0.0180 ± 0.0118,0.9297 ± 0.0428,0.0418 ± 0.0163
HC with fairness constraints and double the size of original dataset lambda = 1.5,logistic_regression,0.7024 ± 0.0078,0.5010 ± 0.0115,0.5848 ± 0.0089,0.7151 ± 0.0054,0.7151 ± 0.0054,0.0114 ± 0.0039,0.9392 ± 0.0195,0.0189 ± 0.0058
HC with fairness constraints and double the size of original dataset lambda = 1.5,random_forest,0.6529 ± 0.0092,0.5269 ± 0.0101,0.5832 ± 0.0094,0.7167 ± 0.0058,0.7167 ± 0.0058,0.0068 ± 0.0044,0.9673 ± 0.0205,0.0155 ± 0.0097
HC with fairness constraints and double the size of original dataset lambda = 1.5,xgboost,0.6965 ± 0.0073,0.5343 ± 0.0091,0.6047 ± 0.0082,0.7283 ± 0.0050,0.7283 ± 0.0050,0.0077 ± 0.0049,0.9616 ± 0.0230,0.0144 ± 0.0074
HC with fairness constraints and double the size of original dataset lambda = 1.5,mlp,0.6187 ± 0.0220,0.4970 ± 0.0151,0.5506 ± 0.0018,0.6970 ± 0.0016,0.6970 ± 0.0016,0.0114 ± 0.0110,0.9449 ± 0.0539,0.0233 ± 0.0080
HC with fairness constraints and equal number of class 1 and class 0 lambda = 1.5,logistic_regression,0.7756 ± 0.0061,0.7514 ± 0.0135,0.7632 ± 0.0072,0.7670 ± 0.0056,0.7670 ± 0.0056,0.0211 ± 0.0075,0.9571 ± 0.0154,0.0267 ± 0.0012
HC with fairness constraints and equal number of class 1 and class 0 lambda = 1.5,random_forest,0.7496 ± 0.0070,0.7625 ± 0.0102,0.7559 ± 0.0075,0.7539 ± 0.0071,0.7539 ± 0.0071,0.0141 ± 0.0066,0.9727 ± 0.0125,0.0141 ± 0.0049
HC with fairness constraints and equal number of class 1 and class 0 lambda = 1.5,xgboost,0.7691 ± 0.0064,0.7737 ± 0.0127,0.7714 ± 0.0079,0.7707 ± 0.0069,0.7707 ± 0.0069,0.0178 ± 0.0094,0.9649 ± 0.0187,0.0271 ± 0.0057
HC with fairness constraints and equal number of class 1 and class 0 lambda = 1.5,mlp,0.7326 ± 0.0113,0.7296 ± 0.0385,0.7302 ± 0.0152,0.7312 ± 0.0060,0.7312 ± 0.0060,0.0211 ± 0.0061,0.9576 ± 0.0151,0.0209 ± 0.0066
HC with fairness constraints and equal number of protected attribute lambda = 1.5,logistic_regression,0.7019 ± 0.0086,0.5066 ± 0.0065,0.5885 ± 0.0064,0.7176 ± 0.0037,0.7176 ± 0.0037,0.0056 ± 0.0045,0.9696 ± 0.0243,0.0113 ± 0.0063
HC with fairness constraints and equal number of protected attribute lambda = 1.5,random_forest,0.6501 ± 0.0078,0.5160 ± 0.0112,0.5753 ± 0.0092,0.7119 ± 0.0057,0.7119 ± 0.0057,0.0081 ± 0.0063,0.9606 ± 0.0303,0.0231 ± 0.0060
HC with fairness constraints and equal number of protected attribute lambda = 1.5,xgboost,0.6936 ± 0.0078,0.5342 ± 0.0143,0.6034 ± 0.0098,0.7279 ± 0.0064,0.7279 ± 0.0064,0.0044 ± 0.0033,0.9773 ± 0.0173,0.0326 ± 0.0094
HC with fairness constraints and equal number of protected attribute lambda = 1.5,mlp,0.5989 ± 0.0132,0.4995 ± 0.0130,0.5446 ± 0.0093,0.6941 ± 0.0058,0.6941 ± 0.0058,0.0171 ± 0.0096,0.9223 ± 0.0424,0.0351 ± 0.0167
HC with fairness constraints and same size as original dataset lambda = 10.0,logistic_regression,0.7592 ± 0.0100,0.2032 ± 0.0073,0.3205 ± 0.0095,0.5908 ± 0.0036,0.5908 ± 0.0036,0.0035 ± 0.0021,0.9503 ± 0.0287,0.0181 ± 0.0103
HC with fairness constraints and same size as original dataset lambda = 10.0,random_forest,0.5308 ± 0.0159,0.2995 ± 0.0113,0.3829 ± 0.0128,0.6055 ± 0.0065,0.6055 ± 0.0065,0.0060 ± 0.0052,0.9597 ± 0.0339,0.0312 ± 0.0079
HC with fairness constraints and same size as original dataset lambda = 10.0,xgboost,0.6762 ± 0.0274,0.2473 ± 0.0074,0.3618 ± 0.0062,0.6037 ± 0.0023,0.6037 ± 0.0023,0.0087 ± 0.0059,0.9146 ± 0.0568,0.0407 ± 0.0178
HC with fairness constraints and same size as original dataset lambda = 10.0,mlp,0.4410 ± 0.0155,0.3399 ± 0.0257,0.3828 ± 0.0124,0.5976 ± 0.0045,0.5976 ± 0.0045,0.0272 ± 0.0137,0.8776 ± 0.0578,0.0542 ± 0.0237
HC with fairness constraints and double the size of original dataset lambda = 10.0,logistic_regression,0.7702 ± 0.0084,0.2016 ± 0.0069,0.3194 ± 0.0086,0.5908 ± 0.0031,0.5908 ± 0.0031,0.0067 ± 0.0026,0.9043 ± 0.0344,0.0308 ± 0.0091
HC with fairness constraints and double the size of original dataset lambda = 10.0,random_forest,0.5625 ± 0.0078,0.3020 ± 0.0068,0.3929 ± 0.0054,0.6121 ± 0.0024,0.6121 ± 0.0024,0.0088 ± 0.0057,0.9382 ± 0.0397,0.0240 ± 0.0206
HC with fairness constraints and double the size of original dataset lambda = 10.0,xgboost,0.7103 ± 0.0132,0.2597 ± 0.0071,0.3803 ± 0.0088,0.6123 ± 0.0038,0.6123 ± 0.0038,0.0078 ± 0.0048,0.9201 ± 0.0479,0.0383 ± 0.0183
HC with fairness constraints and double the size of original dataset lambda = 10.0,mlp,0.4684 ± 0.0244,0.3376 ± 0.0324,0.3905 ± 0.0132,0.6046 ± 0.0050,0.6046 ± 0.0050,0.0321 ± 0.0120,0.8452 ± 0.0303,0.0585 ± 0.0187
HC with fairness constraints and equal number of class 1 and class 0 lambda = 10.0,logistic_regression,0.6539 ± 0.0024,0.6231 ± 0.0183,0.6379 ± 0.0097,0.6466 ± 0.0046,0.6466 ± 0.0046,0.0190 ± 0.0140,0.9612 ± 0.0286,0.0385 ± 0.0213
HC with fairness constraints and equal number of class 1 and class 0 lambda = 10.0,random_forest,0.6333 ± 0.0047,0.6157 ± 0.0053,0.6244 ± 0.0034,0.6296 ± 0.0037,0.6296 ± 0.0037,0.0497 ± 0.0080,0.9013 ± 0.0152,0.0768 ± 0.0139
HC with fairness constraints and equal number of class 1 and class 0 lambda = 10.0,xgboost,0.6543 ± 0.0040,0.6421 ± 0.0140,0.6481 ± 0.0080,0.6514 ± 0.0051,0.6514 ± 0.0051,0.0691 ± 0.0058,0.8655 ± 0.0092,0.0803 ± 0.0077
HC with fairness constraints and equal number of class 1 and class 0 lambda = 10.0,mlp,0.6073 ± 0.0149,0.6292 ± 0.0338,0.6171 ± 0.0093,0.6102 ± 0.0070,0.6102 ± 0.0070,0.0310 ± 0.0253,0.9439 ± 0.0428,0.0404 ± 0.0268
HC with fairness constraints and equal number of protected attribute lambda = 10.0,logistic_regression,0.7696 ± 0.0215,0.2082 ± 0.0127,0.3277 ± 0.0175,0.5940 ± 0.0069,0.5940 ± 0.0069,0.0069 ± 0.0053,0.9023 ± 0.0743,0.0356 ± 0.0198
HC with fairness constraints and equal number of protected attribute lambda = 10.0,random_forest,0.5324 ± 0.0135,0.2964 ± 0.0165,0.3806 ± 0.0151,0.6060 ± 0.0071,0.6060 ± 0.0071,0.0070 ± 0.0067,0.9494 ± 0.0491,0.0393 ± 0.0252
HC with fairness constraints and equal number of protected attribute lambda = 10.0,xgboost,0.6957 ± 0.0207,0.2624 ± 0.0173,0.3810 ± 0.0212,0.6127 ± 0.0092,0.6127 ± 0.0092,0.0056 ± 0.0041,0.9411 ± 0.0425,0.0396 ± 0.0258
HC with fairness constraints and equal number of protected attribute lambda = 10.0,mlp,0.4447 ± 0.0192,0.3396 ± 0.0188,0.3843 ± 0.0090,0.6006 ± 0.0044,0.6006 ± 0.0044,0.0279 ± 0.0127,0.8600 ± 0.0656,0.0490 ± 0.0297
HC with fairness constraints and same size as original dataset lambda = 2.0,logistic_regression,0.7298 ± 0.0188,0.2859 ± 0.0109,0.4108 ± 0.0141,0.6246 ± 0.0064,0.6246 ± 0.0064,0.0053 ± 0.0028,0.9498 ± 0.0262,0.0262 ± 0.0090
HC with fairness constraints and same size as original dataset lambda = 2.0,random_forest,0.5472 ± 0.0162,0.3548 ± 0.0140,0.4304 ± 0.0149,0.6264 ± 0.0080,0.6264 ± 0.0080,0.0180 ± 0.0074,0.9004 ± 0.0390,0.0347 ± 0.0206
HC with fairness constraints and same size as original dataset lambda = 2.0,xgboost,0.6398 ± 0.0218,0.3251 ± 0.0107,0.4310 ± 0.0132,0.6307 ± 0.0067,0.6307 ± 0.0067,0.0083 ± 0.0054,0.9399 ± 0.0372,0.0223 ± 0.0186
HC with fairness constraints and same size as original dataset lambda = 2.0,mlp,0.4634 ± 0.0135,0.3786 ± 0.0306,0.4162 ± 0.0211,0.6132 ± 0.0113,0.6132 ± 0.0113,0.0294 ± 0.0155,0.8757 ± 0.0623,0.0485 ± 0.0147
HC with fairness constraints and double the size of original dataset lambda = 2.0,logistic_regression,0.7335 ± 0.0101,0.2904 ± 0.0124,0.4160 ± 0.0133,0.6273 ± 0.0058,0.6273 ± 0.0058,0.0042 ± 0.0022,0.9590 ± 0.0221,0.0057 ± 0.0029
HC with fairness constraints and double the size of original dataset lambda = 2.0,random_forest,0.5694 ± 0.0151,0.3430 ± 0.0111,0.4281 ± 0.0116,0.6275 ± 0.0061,0.6275 ± 0.0061,0.0085 ± 0.0062,0.9481 ± 0.0364,0.0121 ± 0.0068
HC with fairness constraints and double the size of original dataset lambda = 2.0,xgboost,0.6657 ± 0.0116,0.3140 ± 0.0142,0.4265 ± 0.0133,0.6302 ± 0.0061,0.6302 ± 0.0061,0.0082 ± 0.0036,0.9334 ± 0.0305,0.0128 ± 0.0103
HC with fairness constraints and double the size of original dataset lambda = 2.0,mlp,0.5017 ± 0.0208,0.3555 ± 0.0218,0.4152 ± 0.0118,0.6174 ± 0.0056,0.6174 ± 0.0056,0.0267 ± 0.0113,0.8680 ± 0.0540,0.0326 ± 0.0146
HC with fairness constraints and equal number of class 1 and class 0 lambda = 2.0,logistic_regression,0.7398 ± 0.0063,0.6431 ± 0.0126,0.6880 ± 0.0078,0.7084 ± 0.0056,0.7084 ± 0.0056,0.0085 ± 0.0066,0.9808 ± 0.0150,0.0207 ± 0.0120
HC with fairness constraints and equal number of class 1 and class 0 lambda = 2.0,random_forest,0.6723 ± 0.0065,0.6315 ± 0.0126,0.6512 ± 0.0076,0.6618 ± 0.0058,0.6618 ± 0.0058,0.0056 ± 0.0026,0.9882 ± 0.0051,0.0187 ± 0.0140
HC with fairness constraints and equal number of class 1 and class 0 lambda = 2.0,xgboost,0.7173 ± 0.0074,0.6415 ± 0.0126,0.6772 ± 0.0083,0.6943 ± 0.0064,0.6943 ± 0.0064,0.0097 ± 0.0014,0.9785 ± 0.0028,0.0126 ± 0.0103
HC with fairness constraints and equal number of class 1 and class 0 lambda = 2.0,mlp,0.6371 ± 0.0095,0.6136 ± 0.0146,0.6250 ± 0.0067,0.6319 ± 0.0063,0.6319 ± 0.0063,0.0242 ± 0.0186,0.9525 ± 0.0358,0.0348 ± 0.0203
HC with fairness constraints and equal number of protected attribute lambda = 2.0,logistic_regression,0.7310 ± 0.0142,0.3136 ± 0.0085,0.4388 ± 0.0086,0.6373 ± 0.0039,0.6373 ± 0.0039,0.0058 ± 0.0040,0.9489 ± 0.0337,0.0135 ± 0.0053
HC with fairness constraints and equal number of protected attribute lambda = 2.0,random_forest,0.5627 ± 0.0104,0.3707 ± 0.0091,0.4468 ± 0.0039,0.6367 ± 0.0017,0.6367 ± 0.0017,0.0124 ± 0.0103,0.9301 ± 0.0559,0.0171 ± 0.0111
HC with fairness constraints and equal number of protected attribute lambda = 2.0,xgboost,0.6568 ± 0.0127,0.3375 ± 0.0070,0.4458 ± 0.0067,0.6390 ± 0.0033,0.6390 ± 0.0033,0.0132 ± 0.0068,0.9046 ± 0.0464,0.0229 ± 0.0080
HC with fairness constraints and equal number of protected attribute lambda = 2.0,mlp,0.4860 ± 0.0093,0.3830 ± 0.0250,0.4278 ± 0.0136,0.6231 ± 0.0067,0.6231 ± 0.0067,0.0228 ± 0.0091,0.8920 ± 0.0409,0.0281 ± 0.0071
HC with fairness constraints and same size as original dataset lambda = 3.0,logistic_regression,0.6720 ± 0.0102,0.2447 ± 0.0090,0.3587 ± 0.0105,0.6031 ± 0.0043,0.6031 ± 0.0043,0.0098 ± 0.0085,0.8996 ± 0.0834,0.0183 ± 0.0114
HC with fairness constraints and same size as original dataset lambda = 3.0,random_forest,0.5276 ± 0.0122,0.3377 ± 0.0063,0.4117 ± 0.0054,0.6199 ± 0.0029,0.6199 ± 0.0029,0.0068 ± 0.0041,0.9573 ± 0.0260,0.0180 ± 0.0028
HC with fairness constraints and same size as original dataset lambda = 3.0,xgboost,0.6370 ± 0.0211,0.2818 ± 0.0118,0.3904 ± 0.0102,0.6149 ± 0.0042,0.6149 ± 0.0042,0.0126 ± 0.0086,0.8917 ± 0.0740,0.0270 ± 0.0174
HC with fairness constraints and same size as original dataset lambda = 3.0,mlp,0.4564 ± 0.0108,0.3850 ± 0.0246,0.4170 ± 0.0114,0.6182 ± 0.0058,0.6182 ± 0.0058,0.0104 ± 0.0106,0.9539 ± 0.0419,0.0235 ± 0.0139
HC with fairness constraints and double the size of original dataset lambda = 3.0,logistic_regression,0.6874 ± 0.0204,0.2526 ± 0.0023,0.3694 ± 0.0048,0.6074 ± 0.0025,0.6074 ± 0.0025,0.0047 ± 0.0039,0.9497 ± 0.0412,0.0180 ± 0.0126
HC with fairness constraints and double the size of original dataset lambda = 3.0,random_forest,0.5360 ± 0.0088,0.3370 ± 0.0095,0.4138 ± 0.0091,0.6206 ± 0.0047,0.6206 ± 0.0047,0.0062 ± 0.0042,0.9616 ± 0.0249,0.0118 ± 0.0063
HC with fairness constraints and double the size of original dataset lambda = 3.0,xgboost,0.6592 ± 0.0184,0.2822 ± 0.0039,0.3952 ± 0.0067,0.6171 ± 0.0034,0.6171 ± 0.0034,0.0039 ± 0.0009,0.9643 ± 0.0082,0.0067 ± 0.0014
HC with fairness constraints and double the size of original dataset lambda = 3.0,mlp,0.4713 ± 0.0099,0.3680 ± 0.0142,0.4130 ± 0.0084,0.6162 ± 0.0043,0.6162 ± 0.0043,0.0242 ± 0.0140,0.8876 ± 0.0586,0.0316 ± 0.0217
HC with fairness constraints and equal number of class 1 and class 0 lambda = 3.0,logistic_regression,0.7078 ± 0.0046,0.7235 ± 0.0143,0.7155 ± 0.0075,0.7124 ± 0.0054,0.7124 ± 0.0054,0.0262 ± 0.0160,0.9510 ± 0.0282,0.0329 ± 0.0140
HC with fairness constraints and equal number of class 1 and class 0 lambda = 3.0,random_forest,0.6865 ± 0.0052,0.7125 ± 0.0116,0.6992 ± 0.0068,0.6935 ± 0.0056,0.6935 ± 0.0056,0.0124 ± 0.0102,0.9767 ± 0.0187,0.0216 ± 0.0118
HC with fairness constraints and equal number of class 1 and class 0 lambda = 3.0,xgboost,0.7075 ± 0.0053,0.7499 ± 0.0092,0.7281 ± 0.0049,0.7199 ± 0.0045,0.7199 ± 0.0045,0.0167 ± 0.0113,0.9696 ± 0.0196,0.0231 ± 0.0121
HC with fairness constraints and equal number of class 1 and class 0 lambda = 3.0,mlp,0.6680 ± 0.0075,0.6785 ± 0.0303,0.6728 ± 0.0134,0.6704 ± 0.0067,0.6704 ± 0.0067,0.0387 ± 0.0071,0.9259 ± 0.0156,0.0413 ± 0.0127
HC with fairness constraints and equal number of protected attribute lambda = 3.0,logistic_regression,0.6711 ± 0.0129,0.2590 ± 0.0101,0.3736 ± 0.0105,0.6090 ± 0.0043,0.6090 ± 0.0043,0.0144 ± 0.0060,0.8595 ± 0.0529,0.0347 ± 0.0204
HC with fairness constraints and equal number of protected attribute lambda = 3.0,random_forest,0.5428 ± 0.0126,0.3649 ± 0.0128,0.4362 ± 0.0099,0.6328 ± 0.0052,0.6328 ± 0.0052,0.0137 ± 0.0088,0.9213 ± 0.0497,0.0205 ± 0.0175
HC with fairness constraints and equal number of protected attribute lambda = 3.0,xgboost,0.6369 ± 0.0121,0.3011 ± 0.0063,0.4088 ± 0.0071,0.6228 ± 0.0033,0.6228 ± 0.0033,0.0168 ± 0.0035,0.8646 ± 0.0258,0.0252 ± 0.0107
HC with fairness constraints and equal number of protected attribute lambda = 3.0,mlp,0.4683 ± 0.0192,0.4283 ± 0.0283,0.4465 ± 0.0146,0.6353 ± 0.0086,0.6353 ± 0.0086,0.0213 ± 0.0139,0.9111 ± 0.0590,0.0338 ± 0.0145
HC with fairness constraints and same size as original dataset lambda = 4.0,logistic_regression,0.6992 ± 0.0187,0.2401 ± 0.0112,0.3573 ± 0.0127,0.6030 ± 0.0051,0.6030 ± 0.0051,0.0690 ± 0.0055,0.3650 ± 0.0409,0.0411 ± 0.0119
HC with fairness constraints and same size as original dataset lambda = 4.0,random_forest,0.5512 ± 0.0151,0.3418 ± 0.0088,0.4219 ± 0.0104,0.6249 ± 0.0056,0.6249 ± 0.0056,0.1449 ± 0.0061,0.2861 ± 0.0241,0.1159 ± 0.0148
HC with fairness constraints and same size as original dataset lambda = 4.0,xgboost,0.6229 ± 0.0062,0.2979 ± 0.0161,0.4027 ± 0.0143,0.6191 ± 0.0061,0.6191 ± 0.0061,0.1121 ± 0.0072,0.2838 ± 0.0414,0.0866 ± 0.0104
HC with fairness constraints and same size as original dataset lambda = 4.0,mlp,0.4809 ± 0.0190,0.3696 ± 0.0234,0.4171 ± 0.0120,0.6186 ± 0.0059,0.6186 ± 0.0059,0.1695 ± 0.0222,0.3202 ± 0.0333,0.1584 ± 0.0274
HC with fairness constraints and double the size of original dataset lambda = 4.0,logistic_regression,0.7386 ± 0.0145,0.2190 ± 0.0115,0.3376 ± 0.0136,0.5967 ± 0.0051,0.5967 ± 0.0051,0.0437 ± 0.0056,0.5067 ± 0.0403,0.0329 ± 0.0215
HC with fairness constraints and double the size of original dataset lambda = 4.0,random_forest,0.5691 ± 0.0093,0.3200 ± 0.0081,0.4095 ± 0.0064,0.6200 ± 0.0031,0.6200 ± 0.0031,0.1223 ± 0.0047,0.3229 ± 0.0161,0.0920 ± 0.0087
HC with fairness constraints and double the size of original dataset lambda = 4.0,xgboost,0.6741 ± 0.0047,0.2822 ± 0.0071,0.3978 ± 0.0070,0.6186 ± 0.0030,0.6186 ± 0.0030,0.0801 ± 0.0062,0.3878 ± 0.0344,0.0465 ± 0.0098
HC with fairness constraints and double the size of original dataset lambda = 4.0,mlp,0.4980 ± 0.0229,0.3542 ± 0.0265,0.4126 ± 0.0105,0.6175 ± 0.0041,0.6175 ± 0.0041,0.1382 ± 0.0223,0.3848 ± 0.0218,0.1085 ± 0.0211
HC with fairness constraints and equal number of class 1 and class 0 lambda = 4.0,logistic_regression,0.7158 ± 0.0062,0.6784 ± 0.0151,0.6965 ± 0.0092,0.7045 ± 0.0068,0.7045 ± 0.0068,0.5111 ± 0.0140,0.1742 ± 0.0139,0.4727 ± 0.0200
HC with fairness constraints and equal number of class 1 and class 0 lambda = 4.0,random_forest,0.6773 ± 0.0067,0.6579 ± 0.0151,0.6674 ± 0.0087,0.6722 ± 0.0065,0.6722 ± 0.0065,0.4036 ± 0.0102,0.3275 ± 0.0087,0.3465 ± 0.0109
HC with fairness constraints and equal number of class 1 and class 0 lambda = 4.0,xgboost,0.7156 ± 0.0073,0.6701 ± 0.0127,0.6920 ± 0.0082,0.7018 ± 0.0066,0.7018 ± 0.0066,0.4431 ± 0.0154,0.2541 ± 0.0146,0.3816 ± 0.0196
HC with fairness constraints and equal number of class 1 and class 0 lambda = 4.0,mlp,0.6488 ± 0.0086,0.6685 ± 0.0207,0.6582 ± 0.0078,0.6531 ± 0.0051,0.6531 ± 0.0051,0.3550 ± 0.0266,0.4244 ± 0.0205,0.2998 ± 0.0318
HC with fairness constraints and equal number of protected attribute lambda = 4.0,logistic_regression,0.7156 ± 0.0102,0.2339 ± 0.0075,0.3525 ± 0.0093,0.6035 ± 0.0037,0.6035 ± 0.0037,0.0555 ± 0.0037,0.4510 ± 0.0272,0.0351 ± 0.0127
HC with fairness constraints and equal number of protected attribute lambda = 4.0,random_forest,0.5503 ± 0.0053,0.3369 ± 0.0117,0.4179 ± 0.0101,0.6287 ± 0.0051,0.6287 ± 0.0051,0.1438 ± 0.0100,0.3129 ± 0.0296,0.1123 ± 0.0099
HC with fairness constraints and equal number of protected attribute lambda = 4.0,xgboost,0.6324 ± 0.0115,0.2957 ± 0.0068,0.4030 ± 0.0082,0.6230 ± 0.0038,0.6230 ± 0.0038,0.1069 ± 0.0082,0.3254 ± 0.0379,0.0762 ± 0.0132
HC with fairness constraints and equal number of protected attribute lambda = 4.0,mlp,0.4722 ± 0.0201,0.3457 ± 0.0364,0.3974 ± 0.0193,0.6165 ± 0.0097,0.6165 ± 0.0097,0.1450 ± 0.0351,0.3969 ± 0.0546,0.1153 ± 0.0362
HC with fairness constraints and same size as original dataset lambda = 5.0,logistic_regression,0.6350 ± 0.0091,0.3645 ± 0.0075,0.4630 ± 0.0068,0.6474 ± 0.0035,0.6474 ± 0.0035,0.0471 ± 0.0099,0.7055 ± 0.0545,0.0797 ± 0.0292
HC with fairness constraints and same size as original dataset lambda = 5.0,random_forest,0.5528 ± 0.0092,0.3761 ± 0.0104,0.4474 ± 0.0060,0.6375 ± 0.0030,0.6375 ± 0.0030,0.0325 ± 0.0094,0.8208 ± 0.0487,0.0639 ± 0.0285
HC with fairness constraints and same size as original dataset lambda = 5.0,xgboost,0.6252 ± 0.0094,0.3731 ± 0.0075,0.4673 ± 0.0075,0.6494 ± 0.0040,0.6494 ± 0.0040,0.0391 ± 0.0101,0.7603 ± 0.0557,0.0753 ± 0.0356
HC with fairness constraints and same size as original dataset lambda = 5.0,mlp,0.5084 ± 0.0186,0.3806 ± 0.0285,0.4341 ± 0.0135,0.6288 ± 0.0060,0.6288 ± 0.0060,0.0188 ± 0.0096,0.9058 ± 0.0417,0.0469 ± 0.0259
HC with fairness constraints and double the size of original dataset lambda = 5.0,logistic_regression,0.6368 ± 0.0076,0.3623 ± 0.0069,0.4618 ± 0.0060,0.6471 ± 0.0030,0.6471 ± 0.0030,0.0385 ± 0.0050,0.7497 ± 0.0322,0.0628 ± 0.0168
HC with fairness constraints and double the size of original dataset lambda = 5.0,random_forest,0.5649 ± 0.0055,0.4025 ± 0.0062,0.4700 ± 0.0038,0.6502 ± 0.0021,0.6502 ± 0.0021,0.0315 ± 0.0090,0.8324 ± 0.0444,0.0610 ± 0.0206
HC with fairness constraints and double the size of original dataset lambda = 5.0,xgboost,0.6281 ± 0.0068,0.3895 ± 0.0070,0.4808 ± 0.0064,0.6568 ± 0.0034,0.6568 ± 0.0034,0.0298 ± 0.0082,0.8177 ± 0.0494,0.0449 ± 0.0191
HC with fairness constraints and double the size of original dataset lambda = 5.0,mlp,0.5198 ± 0.0099,0.4000 ± 0.0340,0.4510 ± 0.0197,0.6391 ± 0.0106,0.6391 ± 0.0106,0.0106 ± 0.0042,0.9465 ± 0.0184,0.0267 ± 0.0192
HC with fairness constraints and equal number of class 1 and class 0 lambda = 5.0,logistic_regression,0.7145 ± 0.0028,0.7626 ± 0.0029,0.7378 ± 0.0015,0.7289 ± 0.0018,0.7289 ± 0.0018,0.0705 ± 0.0109,0.8735 ± 0.0189,0.0565 ± 0.0079
HC with fairness constraints and equal number of class 1 and class 0 lambda = 5.0,random_forest,0.6984 ± 0.0042,0.7435 ± 0.0103,0.7202 ± 0.0057,0.7112 ± 0.0047,0.7112 ± 0.0047,0.0719 ± 0.0129,0.8709 ± 0.0210,0.0574 ± 0.0150
HC with fairness constraints and equal number of class 1 and class 0 lambda = 5.0,xgboost,0.7101 ± 0.0030,0.7741 ± 0.0023,0.7408 ± 0.0019,0.7291 ± 0.0024,0.7291 ± 0.0024,0.0747 ± 0.0124,0.8690 ± 0.0205,0.0578 ± 0.0096
HC with fairness constraints and equal number of class 1 and class 0 lambda = 5.0,mlp,0.6810 ± 0.0041,0.7301 ± 0.0222,0.7045 ± 0.0094,0.6940 ± 0.0050,0.6940 ± 0.0050,0.0421 ± 0.0243,0.9231 ± 0.0443,0.0302 ± 0.0179
HC with fairness constraints and equal number of protected attribute lambda = 5.0,logistic_regression,0.6216 ± 0.0197,0.3450 ± 0.0140,0.4437 ± 0.0159,0.6391 ± 0.0082,0.6391 ± 0.0082,0.0487 ± 0.0084,0.6932 ± 0.0456,0.0807 ± 0.0304
HC with fairness constraints and equal number of protected attribute lambda = 5.0,random_forest,0.5430 ± 0.0151,0.3776 ± 0.0151,0.4453 ± 0.0140,0.6383 ± 0.0077,0.6383 ± 0.0077,0.0467 ± 0.0087,0.7560 ± 0.0436,0.0738 ± 0.0276
HC with fairness constraints and equal number of protected attribute lambda = 5.0,xgboost,0.6004 ± 0.0139,0.3742 ± 0.0160,0.4609 ± 0.0153,0.6475 ± 0.0081,0.6475 ± 0.0081,0.0438 ± 0.0065,0.7463 ± 0.0321,0.0718 ± 0.0212
HC with fairness constraints and equal number of protected attribute lambda = 5.0,mlp,0.5032 ± 0.0114,0.3988 ± 0.0431,0.4433 ± 0.0215,0.6365 ± 0.0124,0.6365 ± 0.0124,0.0402 ± 0.0141,0.8066 ± 0.0688,0.0691 ± 0.0410
HC with fairness constraints and same size as original dataset lambda = 6.0,logistic_regression,0.6317 ± 0.0069,0.3608 ± 0.0161,0.4590 ± 0.0127,0.6454 ± 0.0062,0.6454 ± 0.0062,0.0214 ± 0.0050,0.8578 ± 0.0299,0.0424 ± 0.0122
HC with fairness constraints and same size as original dataset lambda = 6.0,random_forest,0.5383 ± 0.0084,0.3731 ± 0.0129,0.4406 ± 0.0109,0.6333 ± 0.0059,0.6333 ± 0.0059,0.0070 ± 0.0023,0.9607 ± 0.0125,0.0131 ± 0.0066
HC with fairness constraints and same size as original dataset lambda = 6.0,xgboost,0.6028 ± 0.0055,0.3771 ± 0.0152,0.4638 ± 0.0127,0.6472 ± 0.0065,0.6472 ± 0.0065,0.0066 ± 0.0042,0.9588 ± 0.0257,0.0185 ± 0.0082
HC with fairness constraints and same size as original dataset lambda = 6.0,mlp,0.4871 ± 0.0121,0.4093 ± 0.0115,0.4447 ± 0.0093,0.6329 ± 0.0056,0.6329 ± 0.0056,0.0248 ± 0.0163,0.8943 ± 0.0660,0.0324 ± 0.0188
HC with fairness constraints and double the size of original dataset lambda = 6.0,logistic_regression,0.6178 ± 0.0090,0.3731 ± 0.0077,0.4652 ± 0.0066,0.6482 ± 0.0034,0.6482 ± 0.0034,0.0069 ± 0.0047,0.9547 ± 0.0305,0.0255 ± 0.0160
HC with fairness constraints and double the size of original dataset lambda = 6.0,random_forest,0.5425 ± 0.0075,0.3743 ± 0.0119,0.4429 ± 0.0102,0.6348 ± 0.0055,0.6348 ± 0.0055,0.0045 ± 0.0036,0.9744 ± 0.0205,0.0239 ± 0.0090
HC with fairness constraints and double the size of original dataset lambda = 6.0,xgboost,0.6087 ± 0.0125,0.3727 ± 0.0070,0.4623 ± 0.0069,0.6466 ± 0.0037,0.6466 ± 0.0037,0.0057 ± 0.0027,0.9636 ± 0.0176,0.0092 ± 0.0053
HC with fairness constraints and double the size of original dataset lambda = 6.0,mlp,0.4896 ± 0.0089,0.3964 ± 0.0344,0.4371 ± 0.0197,0.6295 ± 0.0105,0.6295 ± 0.0105,0.0179 ± 0.0152,0.9203 ± 0.0659,0.0350 ± 0.0115
HC with fairness constraints and equal number of class 1 and class 0 lambda = 6.0,logistic_regression,0.7168 ± 0.0072,0.7509 ± 0.0057,0.7334 ± 0.0036,0.7271 ± 0.0048,0.7271 ± 0.0048,0.0258 ± 0.0183,0.9531 ± 0.0325,0.0371 ± 0.0266
HC with fairness constraints and equal number of class 1 and class 0 lambda = 6.0,random_forest,0.6942 ± 0.0036,0.7198 ± 0.0063,0.7067 ± 0.0026,0.7013 ± 0.0023,0.7013 ± 0.0023,0.0261 ± 0.0061,0.9513 ± 0.0114,0.0443 ± 0.0163
HC with fairness constraints and equal number of class 1 and class 0 lambda = 6.0,xgboost,0.7125 ± 0.0069,0.7424 ± 0.0050,0.7271 ± 0.0037,0.7214 ± 0.0048,0.7214 ± 0.0048,0.0227 ± 0.0131,0.9579 ± 0.0239,0.0348 ± 0.0225
HC with fairness constraints and equal number of class 1 and class 0 lambda = 6.0,mlp,0.6899 ± 0.0031,0.6551 ± 0.0248,0.6718 ± 0.0117,0.6802 ± 0.0051,0.6802 ± 0.0051,0.0197 ± 0.0166,0.9615 ± 0.0308,0.0490 ± 0.0157
HC with fairness constraints and equal number of protected attribute lambda = 6.0,logistic_regression,0.6237 ± 0.0140,0.3846 ± 0.0164,0.4757 ± 0.0155,0.6535 ± 0.0082,0.6535 ± 0.0082,0.0095 ± 0.0031,0.9403 ± 0.0199,0.0228 ± 0.0055
HC with fairness constraints and equal number of protected attribute lambda = 6.0,random_forest,0.5479 ± 0.0066,0.3814 ± 0.0110,0.4496 ± 0.0077,0.6381 ± 0.0041,0.6381 ± 0.0041,0.0094 ± 0.0042,0.9475 ± 0.0236,0.0380 ± 0.0072
HC with fairness constraints and equal number of protected attribute lambda = 6.0,xgboost,0.6102 ± 0.0133,0.3880 ± 0.0155,0.4742 ± 0.0133,0.6526 ± 0.0070,0.6526 ± 0.0070,0.0034 ± 0.0040,0.9781 ± 0.0255,0.0273 ± 0.0188
HC with fairness constraints and equal number of protected attribute lambda = 6.0,mlp,0.4953 ± 0.0166,0.4152 ± 0.0361,0.4504 ± 0.0180,0.6365 ± 0.0099,0.6365 ± 0.0099,0.0142 ± 0.0094,0.9343 ± 0.0438,0.0384 ± 0.0145
HC with fairness constraints and same size as original dataset lambda = 7.0,logistic_regression,0.6612 ± 0.0202,0.3960 ± 0.0136,0.4952 ± 0.0149,0.6627 ± 0.0080,0.6627 ± 0.0080,0.1642 ± 0.0058,0.2149 ± 0.0049,0.1622 ± 0.0209
HC with fairness constraints and same size as original dataset lambda = 7.0,random_forest,0.5708 ± 0.0079,0.4431 ± 0.0125,0.4989 ± 0.0101,0.6636 ± 0.0060,0.6636 ± 0.0060,0.1993 ± 0.0087,0.2523 ± 0.0144,0.1760 ± 0.0224
HC with fairness constraints and same size as original dataset lambda = 7.0,xgboost,0.6220 ± 0.0121,0.4547 ± 0.0060,0.5254 ± 0.0081,0.6793 ± 0.0047,0.6793 ± 0.0047,0.1967 ± 0.0072,0.2259 ± 0.0153,0.1836 ± 0.0192
HC with fairness constraints and same size as original dataset lambda = 7.0,mlp,0.5047 ± 0.0122,0.4793 ± 0.0117,0.4916 ± 0.0090,0.6577 ± 0.0058,0.6577 ± 0.0058,0.1984 ± 0.0229,0.3633 ± 0.0547,0.1637 ± 0.0347
HC with fairness constraints and double the size of original dataset lambda = 7.0,logistic_regression,0.6632 ± 0.0088,0.3842 ± 0.0112,0.4865 ± 0.0110,0.6578 ± 0.0058,0.6578 ± 0.0058,0.1559 ± 0.0011,0.2335 ± 0.0062,0.1462 ± 0.0275
HC with fairness constraints and double the size of original dataset lambda = 7.0,random_forest,0.5797 ± 0.0049,0.4626 ± 0.0118,0.5145 ± 0.0075,0.6722 ± 0.0045,0.6722 ± 0.0045,0.2047 ± 0.0086,0.2609 ± 0.0110,0.1875 ± 0.0190
HC with fairness constraints and double the size of original dataset lambda = 7.0,xgboost,0.6298 ± 0.0034,0.4765 ± 0.0079,0.5425 ± 0.0061,0.6889 ± 0.0037,0.6889 ± 0.0037,0.2092 ± 0.0044,0.2183 ± 0.0108,0.2171 ± 0.0292
HC with fairness constraints and double the size of original dataset lambda = 7.0,mlp,0.5186 ± 0.0089,0.4973 ± 0.0238,0.5072 ± 0.0086,0.6672 ± 0.0055,0.6672 ± 0.0055,0.2113 ± 0.0157,0.3426 ± 0.0190,0.1843 ± 0.0332
HC with fairness constraints and equal number of class 1 and class 0 lambda = 7.0,logistic_regression,0.7325 ± 0.0035,0.7661 ± 0.0037,0.7489 ± 0.0020,0.7432 ± 0.0024,0.7432 ± 0.0024,0.5595 ± 0.0177,0.1795 ± 0.0147,0.5091 ± 0.0183
HC with fairness constraints and equal number of class 1 and class 0 lambda = 7.0,random_forest,0.7059 ± 0.0031,0.7385 ± 0.0053,0.7218 ± 0.0040,0.7154 ± 0.0037,0.7154 ± 0.0037,0.4280 ± 0.0170,0.3363 ± 0.0198,0.3396 ± 0.0178
HC with fairness constraints and equal number of class 1 and class 0 lambda = 7.0,xgboost,0.7317 ± 0.0035,0.7582 ± 0.0047,0.7447 ± 0.0040,0.7401 ± 0.0039,0.7401 ± 0.0039,0.4951 ± 0.0181,0.2486 ± 0.0201,0.4096 ± 0.0208
HC with fairness constraints and equal number of class 1 and class 0 lambda = 7.0,mlp,0.6846 ± 0.0171,0.7129 ± 0.0292,0.6977 ± 0.0059,0.6914 ± 0.0067,0.6914 ± 0.0067,0.3722 ± 0.0177,0.4052 ± 0.0347,0.2913 ± 0.0285
HC with fairness constraints and equal number of protected attribute lambda = 7.0,logistic_regression,0.6652 ± 0.0131,0.3287 ± 0.0063,0.4399 ± 0.0070,0.6400 ± 0.0034,0.6400 ± 0.0034,0.1452 ± 0.0074,0.2147 ± 0.0184,0.1434 ± 0.0253
HC with fairness constraints and equal number of protected attribute lambda = 7.0,random_forest,0.5657 ± 0.0079,0.4309 ± 0.0118,0.4891 ± 0.0102,0.6668 ± 0.0059,0.6668 ± 0.0059,0.2178 ± 0.0104,0.2277 ± 0.0146,0.2154 ± 0.0184
HC with fairness constraints and equal number of protected attribute lambda = 7.0,xgboost,0.6083 ± 0.0079,0.4216 ± 0.0086,0.4980 ± 0.0081,0.6709 ± 0.0045,0.6709 ± 0.0045,0.2104 ± 0.0112,0.1994 ± 0.0197,0.2112 ± 0.0183
HC with fairness constraints and equal number of protected attribute lambda = 7.0,mlp,0.5071 ± 0.0066,0.4248 ± 0.0555,0.4603 ± 0.0309,0.6517 ± 0.0194,0.6517 ± 0.0194,0.2089 ± 0.0334,0.2930 ± 0.0175,0.1870 ± 0.0415
HC with fairness constraints and same size as original dataset lambda = 8.0,logistic_regression,0.6511 ± 0.0131,0.4023 ± 0.0125,0.4973 ± 0.0128,0.6658 ± 0.0069,0.6658 ± 0.0069,0.0279 ± 0.0041,0.8273 ± 0.0248,0.0327 ± 0.0088
HC with fairness constraints and same size as original dataset lambda = 8.0,random_forest,0.5883 ± 0.0133,0.4452 ± 0.0109,0.5067 ± 0.0087,0.6715 ± 0.0051,0.6715 ± 0.0051,0.0332 ± 0.0041,0.8319 ± 0.0216,0.0362 ± 0.0184
HC with fairness constraints and same size as original dataset lambda = 8.0,xgboost,0.6448 ± 0.0090,0.4618 ± 0.0132,0.5381 ± 0.0108,0.6893 ± 0.0064,0.6893 ± 0.0064,0.0162 ± 0.0078,0.9114 ± 0.0417,0.0363 ± 0.0220
HC with fairness constraints and same size as original dataset lambda = 8.0,mlp,0.5294 ± 0.0156,0.4841 ± 0.0313,0.5047 ± 0.0134,0.6712 ± 0.0085,0.6712 ± 0.0085,0.0112 ± 0.0066,0.9499 ± 0.0331,0.0509 ± 0.0266
HC with fairness constraints and double the size of original dataset lambda = 8.0,logistic_regression,0.6557 ± 0.0068,0.4151 ± 0.0072,0.5082 ± 0.0041,0.6715 ± 0.0023,0.6715 ± 0.0023,0.0172 ± 0.0082,0.8955 ± 0.0488,0.0207 ± 0.0066
HC with fairness constraints and double the size of original dataset lambda = 8.0,random_forest,0.6056 ± 0.0043,0.4658 ± 0.0079,0.5266 ± 0.0065,0.6828 ± 0.0039,0.6828 ± 0.0039,0.0184 ± 0.0092,0.9073 ± 0.0449,0.0212 ± 0.0099
HC with fairness constraints and double the size of original dataset lambda = 8.0,xgboost,0.6678 ± 0.0063,0.4827 ± 0.0067,0.5603 ± 0.0055,0.7017 ± 0.0033,0.7017 ± 0.0033,0.0082 ± 0.0096,0.9565 ± 0.0509,0.0368 ± 0.0186
HC with fairness constraints and double the size of original dataset lambda = 8.0,mlp,0.5705 ± 0.0106,0.4961 ± 0.0189,0.5303 ± 0.0064,0.6862 ± 0.0045,0.6862 ± 0.0045,0.0160 ± 0.0139,0.9309 ± 0.0590,0.0302 ± 0.0117
HC with fairness constraints and equal number of class 1 and class 0 lambda = 8.0,logistic_regression,0.7384 ± 0.0054,0.7600 ± 0.0042,0.7490 ± 0.0047,0.7454 ± 0.0050,0.7454 ± 0.0050,0.0408 ± 0.0064,0.9228 ± 0.0117,0.0357 ± 0.0110
HC with fairness constraints and equal number of class 1 and class 0 lambda = 8.0,random_forest,0.7303 ± 0.0032,0.7569 ± 0.0109,0.7433 ± 0.0039,0.7386 ± 0.0019,0.7386 ± 0.0019,0.0433 ± 0.0155,0.9193 ± 0.0272,0.0545 ± 0.0206
HC with fairness constraints and equal number of class 1 and class 0 lambda = 8.0,xgboost,0.7555 ± 0.0036,0.7823 ± 0.0068,0.7687 ± 0.0035,0.7646 ± 0.0031,0.7646 ± 0.0031,0.0352 ± 0.0084,0.9337 ± 0.0151,0.0432 ± 0.0105
HC with fairness constraints and equal number of class 1 and class 0 lambda = 8.0,mlp,0.7224 ± 0.0071,0.7197 ± 0.0361,0.7204 ± 0.0150,0.7213 ± 0.0069,0.7213 ± 0.0069,0.0337 ± 0.0247,0.9345 ± 0.0479,0.0448 ± 0.0138
HC with fairness constraints and equal number of protected attribute lambda = 8.0,logistic_regression,0.6463 ± 0.0201,0.4013 ± 0.0134,0.4951 ± 0.0154,0.6651 ± 0.0082,0.6651 ± 0.0082,0.0089 ± 0.0065,0.9445 ± 0.0392,0.0228 ± 0.0057
HC with fairness constraints and equal number of protected attribute lambda = 8.0,random_forest,0.5935 ± 0.0155,0.4505 ± 0.0158,0.5120 ± 0.0127,0.6752 ± 0.0075,0.6752 ± 0.0075,0.0179 ± 0.0053,0.9091 ± 0.0239,0.0196 ± 0.0102
HC with fairness constraints and equal number of protected attribute lambda = 8.0,xgboost,0.6528 ± 0.0088,0.4682 ± 0.0108,0.5453 ± 0.0098,0.6938 ± 0.0057,0.6938 ± 0.0057,0.0083 ± 0.0037,0.9543 ± 0.0196,0.0454 ± 0.0232
HC with fairness constraints and equal number of protected attribute lambda = 8.0,mlp,0.5509 ± 0.0171,0.4734 ± 0.0214,0.5087 ± 0.0131,0.6740 ± 0.0079,0.6740 ± 0.0079,0.0311 ± 0.0163,0.8633 ± 0.0694,0.0298 ± 0.0184
HC with fairness constraints and same size as original dataset lambda = 9.0,logistic_regression,0.6617 ± 0.0137,0.3226 ± 0.0183,0.4333 ± 0.0160,0.6365 ± 0.0074,0.6365 ± 0.0074,0.1034 ± 0.0111,0.2997 ± 0.0268,0.1109 ± 0.0302
HC with fairness constraints and same size as original dataset lambda = 9.0,random_forest,0.5649 ± 0.0074,0.3920 ± 0.0146,0.4627 ± 0.0116,0.6508 ± 0.0065,0.6508 ± 0.0065,0.1327 ± 0.0063,0.3515 ± 0.0223,0.1524 ± 0.0181
HC with fairness constraints and same size as original dataset lambda = 9.0,xgboost,0.6145 ± 0.0145,0.3990 ± 0.0099,0.4838 ± 0.0106,0.6620 ± 0.0057,0.6620 ± 0.0057,0.1460 ± 0.0072,0.2659 ± 0.0191,0.1831 ± 0.0207
HC with fairness constraints and same size as original dataset lambda = 9.0,mlp,0.4946 ± 0.0129,0.4018 ± 0.0389,0.4422 ± 0.0252,0.6393 ± 0.0140,0.6393 ± 0.0140,0.1117 ± 0.0196,0.5056 ± 0.0508,0.1295 ± 0.0365
HC with fairness constraints and double the size of original dataset lambda = 9.0,logistic_regression,0.6648 ± 0.0089,0.3180 ± 0.0130,0.4301 ± 0.0127,0.6344 ± 0.0058,0.6344 ± 0.0058,0.1008 ± 0.0033,0.3086 ± 0.0147,0.1247 ± 0.0111
HC with fairness constraints and double the size of original dataset lambda = 9.0,random_forest,0.5730 ± 0.0096,0.4066 ± 0.0137,0.4756 ± 0.0119,0.6569 ± 0.0067,0.6569 ± 0.0067,0.1399 ± 0.0048,0.3435 ± 0.0086,0.1739 ± 0.0194
HC with fairness constraints and double the size of original dataset lambda = 9.0,xgboost,0.6264 ± 0.0046,0.4154 ± 0.0108,0.4995 ± 0.0084,0.6697 ± 0.0047,0.6697 ± 0.0047,0.1485 ± 0.0062,0.2761 ± 0.0138,0.2063 ± 0.0129
HC with fairness constraints and double the size of original dataset lambda = 9.0,mlp,0.5198 ± 0.0070,0.4202 ± 0.0252,0.4645 ± 0.0178,0.6507 ± 0.0105,0.6507 ± 0.0105,0.1385 ± 0.0127,0.4137 ± 0.0270,0.1956 ± 0.0236
HC with fairness constraints and equal number of class 1 and class 0 lambda = 9.0,logistic_regression,0.7163 ± 0.0038,0.7363 ± 0.0061,0.7262 ± 0.0039,0.7223 ± 0.0037,0.7223 ± 0.0037,0.4561 ± 0.0224,0.2967 ± 0.0310,0.4688 ± 0.0347
HC with fairness constraints and equal number of class 1 and class 0 lambda = 9.0,random_forest,0.7013 ± 0.0043,0.7003 ± 0.0069,0.7007 ± 0.0050,0.7010 ± 0.0044,0.7010 ± 0.0044,0.3294 ± 0.0205,0.4479 ± 0.0285,0.3379 ± 0.0156
HC with fairness constraints and equal number of class 1 and class 0 lambda = 9.0,xgboost,0.7271 ± 0.0044,0.7158 ± 0.0073,0.7214 ± 0.0042,0.7236 ± 0.0036,0.7236 ± 0.0036,0.4140 ± 0.0126,0.3261 ± 0.0113,0.4323 ± 0.0097
HC with fairness constraints and equal number of class 1 and class 0 lambda = 9.0,mlp,0.6683 ± 0.0115,0.7099 ± 0.0309,0.6879 ± 0.0085,0.6783 ± 0.0037,0.6783 ± 0.0037,0.2623 ± 0.0607,0.5678 ± 0.1008,0.2777 ± 0.0619
HC with fairness constraints and equal number of protected attribute lambda = 9.0,logistic_regression,0.7137 ± 0.0055,0.2302 ± 0.0155,0.3478 ± 0.0180,0.6029 ± 0.0070,0.6029 ± 0.0070,0.0443 ± 0.0099,0.5094 ± 0.0642,0.0280 ± 0.0141
HC with fairness constraints and equal number of protected attribute lambda = 9.0,random_forest,0.5556 ± 0.0209,0.3671 ± 0.0156,0.4419 ± 0.0152,0.6448 ± 0.0081,0.6448 ± 0.0081,0.1363 ± 0.0103,0.3395 ± 0.0220,0.1779 ± 0.0342
HC with fairness constraints and equal number of protected attribute lambda = 9.0,xgboost,0.6316 ± 0.0202,0.3671 ± 0.0155,0.4641 ± 0.0154,0.6553 ± 0.0079,0.6553 ± 0.0079,0.1388 ± 0.0082,0.2726 ± 0.0233,0.1976 ± 0.0238
HC with fairness constraints and equal number of protected attribute lambda = 9.0,mlp,0.4830 ± 0.0206,0.3757 ± 0.0388,0.4210 ± 0.0227,0.6345 ± 0.0131,0.6345 ± 0.0131,0.1370 ± 0.0246,0.4111 ± 0.0372,0.1744 ± 0.0516
